book,rating,link,book summary,author summary
挪威的森林, 8.1 ,"https://book.douban.com/subject/1046265
",这是一部动人心弦的、平缓舒雅的、略带感伤的恋爱小说。小说主人公渡边以第一人称展开他同两个女孩间的爱情纠葛。渡边的第一个恋人直子原是他高中要好同学木月的女友，后来木月自杀了。一年后渡边同直子不期而遇并开始交往。此时的直子已变得娴静腼腆，美丽晶莹的眸子里不时掠过一丝难以捕捉的阴翳。两人只是日复一日地在落叶飘零的东京街头漫无目标地或前或后或并肩行走不止。直子20岁生日的晚上两人发生了性关系，不料第二天直子便不知去向。几个月后直子来信说她住进一家远在深山里的精神疗养院。渡边前去探望时发现直子开始带有成熟女性的丰腴与娇美。晚间两人虽同处一室，但渡边约束了自己，分手前表示永远等待直子。返校不久，由于一次偶然相遇，渡边开始与低年级的绿子交往。绿子同内向的直子截然相反，“简直就像迎着春天的晨光蹦跳到世界上来的一头小鹿”。这期间，渡边内心十分苦闷彷徨。一方面念念不忘直子缠绵的病情与柔情，一方面又难以抗拒绿子大胆的表白和迷人的活力。不久传来直子自杀的噩耗，渡边失魂魄地四处徒步旅行。最后，在直子同房病友玲子的鼓励下，开始摸索此后的人生。,村上春树（1949- ），日本小说家。曾在早稻田大学文学部戏剧科就读。1979年，他的第一部小说《听风之歌》问世后，即被搬上了银幕。随后，他的优秀作品《1973年的弹子球》、《寻羊冒险记》、《挪威的森林》等相继发表。他的创作不受传统拘束，构思新奇，行文潇洒自在，而又不流于庸俗浅薄。尤其是在刻画人的孤独无奈方面更有特色，他没有把这种情绪写成负的东西，而是通过内心的心智性操作使之升华为一种优雅的格调，一种乐在其中的境界，以此来为读者，尤其是生活在城市里的人们提供了一种生活模式或生命的体验。
小王子, 9.1 ,"https://book.douban.com/subject/1084336
",小王子是一个超凡脱俗的仙童，他住在一颗只比他大一丁点儿的小行星上。陪伴他的是一朵他非常喜爱的小玫瑰花。但玫瑰花的虚荣心伤害了小王子对她的感情。小王子告别小行星，开始了遨游太空的旅行。他先后访问了六个行星，各种见闻使他陷入忧伤，他感到大人们荒唐可笑、太不正常。只有在其中一个点灯人的星球上，小王子才找到一个可以作为朋友的人。但点灯人的天地又十分狭小，除了点灯人他自己，不能容下第二个人。在地理学家的指点下，孤单的小王子来到人类居住的地球。,"安托万·德·圣埃克苏佩里（Antoine de Saint-Exupery, 1900-1944）1900年6月29日出生在法国里昂。他曾经有志于报考海军学院，未能如愿，却有幸成了空军的一员。1923年退役后，先后从事过各种不同的职业。"
达·芬奇密码, 8.3 ,"https://book.douban.com/subject/1040771
",哈佛大学的符号学专家罗伯特·兰登在法国巴黎出差期间的一个午夜接到一个紧急电话，得知卢浮宫博物馆年迈的馆长被人杀害在卢浮宫的博物馆里，人们在他的尸体旁边发现了一个难以捉摸的密码。兰登与法国一位颇有天分的密码破译专家索菲·奈芙，在对一大堆怪异的密码进行整理的过程当中，发现一连串的线索就隐藏在达芬奇的艺术作品当中，深感震惊。这些线索，大家都清楚可见，然而却被画家巧妙地隐藏起来。兰登无意之中非常震惊地发现，已故的博物馆馆长是峋山隐修会（Prioryofsion）的成员--这是一个真实存在的秘密组织，其成员包括艾撒克・牛顿爵士、波提切利、维克多·雨果与达芬奇，这无疑给他们增加了风险。兰登感觉到他们是在找寻一个石破天惊的历史秘密，这是个数世纪以来就证明了的既能给人启迪又很危险的秘密。在这场足迹遍及巴黎以及伦敦的追逐中，兰登与奈芙发现他们在跟一位始终不露面的幕后操纵者斗智斗勇。他们必须解开这个错综复杂的谜团，否则，峋山隐修会掩盖的秘密，那隐藏了多年的令人震惊的古老真相，将永远消逝在历史的尘埃之中。,"丹·布朗（Dan Brown, 1964- ），美国畅销作家。毕业于阿默斯特学院，曾是一名英语教师。1996年开始写作，先后推出了《数字城堡》、《骗局》和《天使与魔鬼》3部小说，均取得了不错的销售成绩，其中以《天使与魔鬼》最为成功，奠定了他在小说界的地位。《达·芬奇密码》是他的第4部作品，出版后成为有史以来最为畅销的小说之一。布朗的作品已被翻译成多种文字，在世界范围内广为流传。"
围城, 9.0 ,"https://book.douban.com/subject/1008145
",《围城》是钱钟书所著的长篇小说。第一版于1947年由上海晨光出版公司出版。1949年之后，由于政治等方面的原因，本书长期无法在中国大陆和台湾重印，仅在香港出现过盗印本。1980年由作者重新修订之后，在中国大陆地区由人民文学出版社刊印。此后作者又曾小幅修改过几次。《围城》自从出版以来，就受到许多人的推崇。由于1949年后长期无法重印，这本书逐渐淡出人们的视野。1960年代，旅美汉学家夏志清在《中国现代小说史》(AHistoryofModernChineseFiction)中对本书作出很高的评价，这才重新引起人们对它的关注。人们对它的评价一般集中在两方面，幽默的语言和对生活深刻的观察。从1990年代开始，也有人提出对本书的不同看法，认为这是一部被“拔高”的小说，并不是一部出色的作品。很多人认为这是一部幽默作品。除了各具特色的人物语言之外，作者夹叙其间的文字也显着机智与幽默。这是本书的一大特色。也有人认为这是作者卖弄文字，语言显得尖酸刻薄。但这一说法并不为大多数人接受。,钱钟书(1910－1998)，字哲良，默存，号槐聚，中国江苏无锡人，中国近代著名作家、 文学研究家。毕业于清华大学外文系，获文学学士，赴上海，到光华大学任教。后考取第三届(1935年)庚子赔款公费留学资格，名列榜首，留学英国牛津大学 埃克塞特学院。大学毕业后任教于多所高校。新中国成立后被评为一级教授。晚年就职于中国社会科学院，任副院长。其夫人杨绛也是著名作家，育有一女钱媛(1937年-1997年)。曾为《毛泽东选集》英文版翻译小组成员。1998年逝世，享年88岁。
素年锦时, 7.8 ,"https://book.douban.com/subject/2256438
",《素年锦时》是安妮宝贝小说散文新作集。,安妮宝贝，自由作家，现居北京。曾任职金融广告网络等行业。已出版短篇小说集《告别薇安》，散文及短篇小说集《八月未央》，长篇小说《彼岸花》，摄影图文集《蔷薇岛屿》。
海边的卡夫卡, 8.2 ,"https://book.douban.com/subject/1059419
",小说的主人公是一位自称名叫田村卡夫卡——作者始终未交代其真名——的少年。他在十五岁生日前夜独自离家出走，乘坐夜行长途巴士远赴四国。出走的原因是为了逃避父亲所作的比俄底浦斯王还要可怕的预言：尔将弑父，将与尔母、尔姐交合。卡夫卡四岁时，母亲突然失踪，带走了比卡夫卡年长四岁、其实是田村家养女的姐姐，不知何故却将亲生儿子抛弃。他从未见过母亲的照片，甚至连名字也不知道。仿佛是运命在冥冥之中引导，他偶然来到某私立图书馆，遂栖身于此。馆长佐伯女士是位四十多岁气质高雅的美妇，有着波澜曲折的神秘身世。卡夫卡疑心她是自己的生母，佐伯却对此不置可否。卡夫卡恋上了佐伯，并与之发生肉体关系。小说还另设一条副线，副线的主角是老人中田，他在二战期间读小学时，经历过一次神秘的昏迷事件，从此丧失了记忆，将学过的知识完全忘记，甚至不会认字计数，却获得了与猫对话的神秘能力。中田在神智失控的情况下杀死了一个自称焦尼·沃卡（JohnnyWalker）、打扮得酷似那著名威士忌酒商标上所画的英国绅士的狂人，一路搭车也来到此地。小说共分49章，奇数章基本上用写实手法讲述卡夫卡的故事，偶数章则用魔幻手法展现中田的奇遇。两种手法交互使用，编织出极富强烈虚构色彩的、奇幻诡诘的现代寓言。佐伯是将这两个故事联结为一体的结合点，而弑父的预言似乎最终也未能避免，因为狂人焦尼·沃卡居然是卡夫卡生父乔装改扮的，真正的凶手也并非中田……,村上春树（1949- ），日本小说家。曾在早稻田大学文学部戏剧科就读。1979年，他的第一部小说《听风之歌》问世后，即被搬上了银幕。随后，他的优秀作品《1973年的弹子球》、《寻羊冒险记》、《挪威的森林》等相继发表。他的创作不受传统拘束，构思新奇，行文潇洒自在，而又不流于庸俗浅薄。尤其是在刻画人的孤独无奈方面更有特色，他没有把这种情绪写成负的东西，而是通过内心的心智性操作使之升华为一种优雅的格调，一种乐在其中的境界，以此来为读者，尤其是生活在城市里的人们提供了一种生活模式或生命的体验。
哈利·波特与火焰杯, 9.1 ,"https://book.douban.com/subject/1009257
",《哈利·波特与火焰杯》是“哈利·波特”系列的第四部。,J.K.罗琳（1965- ），英国女作家，自小喜欢写作，当过短时间的教师和秘书。二十四岁那年，她在前往伦敦的火车旅途中萌生了创作“哈利·波特”系列小说的念头。七年后，《哈利·波特与魔法石》问世，之后她陆续创作了《哈利·波特与密室》《哈利·波特与阿兹卡班囚徒》《哈利·波特与火焰杯》《哈利-波特与凤凰社》《哈利·波特与“混血王子”》和《哈利·波特与死亡圣器》，完成了该系列的创作，在全球刮起一股股“哈利·波特”飓风，在世界范围内掀起规模宏大的“哈利·波特”阅读狂潮。另外，在此期间，她还因为慈善事业而先后完成了《神奇动物在哪里》和《神奇的魁地奇球》这两部与“哈利·波特”系列相关的图书，最新完成的作品是《诗翁彼豆故事集》。
哈利·波特与密室, 9.0 ,"https://book.douban.com/subject/1039487
",《哈利·波特与密室》是“哈利·波特”系列的第二部。,"J. K. 罗琳（J. K. Rowling, 1965- ），英国女作家，自小喜欢写作，当过短时间的教师和秘书。二十四岁那年，她在前往伦敦的火车旅途中萌生了创作“哈利·波特”系列小说的念头。七年后，《哈利·波特与魔法石》问世，之后她陆续创作了《哈利·波特与密室》《哈利·波特与阿兹卡班囚徒》《哈利·波特与火焰杯》《哈利-波特与凤凰社》《哈利·波特与“混血王子”》和《哈利·波特与死亡圣器》，完成了该系列的创作，在全球刮起一股股“哈利·波特”飓风，在世界范围内掀起规模宏大的“哈利·波特”阅读狂潮。另外，在此期间，她还因为慈善事业而先后完成了《神奇动物在哪里》和《神奇的魁地奇球》这两部与“哈利·波特”系列相关的图书，最新完成的作品是《诗翁彼豆故事集》。"
货币战争, 7.2 ,"https://book.douban.com/subject/2081876
",为什么你不知道美联储是私有的中央银行？,宋鸿兵，20世纪90年代初赴美留学，主修信息工程和教育学，获美利坚大学（American University）硕士学位。长期关注和研究美国历史和世界金融史。曾在美国媒体游说公司、医疗业、电信业、信息安全、联邦政府和著名金融机构供职。近年来，作者曾担任美国最大的非银行类金融机构房利美（Fannie Mae）和房地美（Freddie Mac）的高级咨询顾问，主要从事房地产贷款自动审核系统设计，金融衍生工具的税务计算分析，MBS（资产抵押债券）的风险评估等方面的工作。
1988：我想和这个世界谈谈, 7.8 ,"https://book.douban.com/subject/5275059
",系列主题：《我想和这个世界谈谈》,韩寒 1982年9月23日出生。作家，赛车手。已出版作品：《三重门》、《零下一度》、《像少年啦飞驰》、《通稿2003》、《毒》、《韩寒五年文集》、《长安乱》、《就这么漂来漂去》、《一座城池》、《寒》、《光荣日》、《杂的文》或有其他。
哈利·波特与死亡圣器, 9.1 ,"https://book.douban.com/subject/2295163
",《哈利·波特与死亡圣器》是“哈利·波特”系列的第七部，也就是最后一部。,"J. K. 罗琳（J. K. Rowling, 1965- ），英国女作家，自小喜欢写作，当过短时间的教师和秘书。二十四岁那年，她在前往伦敦的火车旅途中萌生了创作“哈利·波特”系列小说的念头。七年后，《哈利·波特与魔法石》问世，之后她陆续创作了《哈利·波特与密室》《哈利·波特与阿兹卡班囚徒》《哈利·波特与火焰杯》《哈利-波特与凤凰社》《哈利·波特与“混血王子”》和《哈利·波特与死亡圣器》，完成了该系列的创作，在全球刮起一股股“哈利·波特”飓风，在世界范围内掀起规模宏大的“哈利·波特”阅读狂潮。另外，在此期间，她还因为慈善事业而先后完成了《神奇动物在哪里》和《神奇的魁地奇球》这两部与“哈利·波特”系列相关的图书，最新完成的作品是《诗翁彼豆故事集》。"
哈利·波特与混血王子, 8.9 ,"https://book.douban.com/subject/1432596
",《哈利·波特与“混血王子”》是“哈利·波特”系列的第六部。,"J. K. 罗琳（J. K. Rowling, 1965- ），英国女作家，自小喜欢写作，当过短时间的教师和秘书。二十四岁那年，她在前往伦敦的火车旅途中萌生了创作“哈利·波特”系列小说的念头。七年后，《哈利·波特与魔法石》问世，之后她陆续创作了《哈利·波特与密室》《哈利·波特与阿兹卡班囚徒》《哈利·波特与火焰杯》《哈利-波特与凤凰社》《哈利·波特与“混血王子”》和《哈利·波特与死亡圣器》，完成了该系列的创作，在全球刮起一股股“哈利·波特”飓风，在世界范围内掀起规模宏大的“哈利·波特”阅读狂潮。另外，在此期间，她还因为慈善事业而先后完成了《神奇动物在哪里》和《神奇的魁地奇球》这两部与“哈利·波特”系列相关的图书，最新完成的作品是《诗翁彼豆故事集》。"
哈利·波特与凤凰社, 8.8 ,"https://book.douban.com/subject/1013129
",《哈利·波特与凤凰社》是“哈利·波特”系列的第五部。,"J. K. 罗琳（J. K. Rowling, 1965- ），英国女作家，自小喜欢写作，当过短时间的教师和秘书。二十四岁那年，她在前往伦敦的火车旅途中萌生了创作“哈利·波特”系列小说的念头。七年后，《哈利·波特与魔法石》问世，之后她陆续创作了《哈利·波特与密室》《哈利·波特与阿兹卡班囚徒》《哈利·波特与火焰杯》《哈利-波特与凤凰社》《哈利·波特与“混血王子”》和《哈利·波特与死亡圣器》，完成了该系列的创作，在全球刮起一股股“哈利·波特”飓风，在世界范围内掀起规模宏大的“哈利·波特”阅读狂潮。另外，在此期间，她还因为慈善事业而先后完成了《神奇动物在哪里》和《神奇的魁地奇球》这两部与“哈利·波特”系列相关的图书，最新完成的作品是《诗翁彼豆故事集》。"
历史深处的忧虑, 9.0 ,"https://book.douban.com/subject/1027191
",美国的面积和中国差不多。和大多数留学生及新移民一样，当我们一脚踏上这块广袤的陌生土地时，最初落脚点的选择是十分偶然的。我们落在了一个普通的地方，居住的环境平常而宁静。周围的美国人老老少少都在辛勤劳作，过着普通得不能再普通的生活。要想谋出一番好的光景，对他们也不是一件轻而易举的事情。,林达为两名作者合用的笔名。他们都于1952年出生在上海，1978年进入大学。现居美国。作品有“近距离看美国”系列：《历史深处的忧虑》、《总统是靠不住的》、《我也有一个梦想》，以及《带一本书去巴黎》。译著有《汉娜的手提箱》、《克拉拉的战争》、《盖比橱柜的秘密》等。
时间旅行者的妻子, 8.1 ,"https://book.douban.com/subject/2056749
",相遇那年，她6岁，他36岁；,奥德丽·尼芬格（Audrey Niffenegger），视觉艺术家，也是芝加哥哥伦比亚学院书籍与纸艺中心的教授，她负责教导写作、凸版印刷以及精美版书籍的制作。曾在芝加哥印花社画廊展出个人艺术作品。《时间旅行者的妻子》是她的第一本小说。目前她居住在芝加哥。
看不见的城市, 8.8 ,"https://book.douban.com/subject/1863930
",《看不见的城市》的第一版是在1972年11月由都灵的埃伊纳乌迪出版社出版的。在这本书出版的时候，从1972年底到1973年初，卡尔维诺曾在多家报纸的文章和访谈中谈到它。,伊塔洛·卡尔维诺（Italo Calvino，1923-）毕业于都灵大学文学系。曾参加反法西斯抵抗运动。处女作《通向蜘蛛巢的小路》（1947），用非英雄化的手法反映游击队的生活。五十年代问世的《我们的先人》三部曲：《分为两半的子爵》（1952）、《树上的男爵》（1957）、《不存在的骑士》（1959），既似现实中的童话，又像童话中的现实，把西方世界中人丧失自我本质的境遇淋漓尽致地表现了出来。三部曲使作家获得世界声誉。随后发表的作品《宇宙谐趣》（1965）、《看不见的城市》（1972）、《如果一个冬夜，一个旅行者……》（1979），渗透对迷乱的现实的思索，颇具哲理小说的特色。卡尔维诺的《意大利童话》（1956）是他长期搜集、研究意大利各地区童话的结晶，已被译成许多国家的文字。
长尾理论, 7.7 ,"https://book.douban.com/subject/1919072
",书中阐述，商业和文化的未来不在于传统需求曲线上那个代表“畅销商品”（hits）的头部；而是那条代表“冷门商品”（misses）经常为人遗忘的长尾。举例来说，一家大型书店通常可摆放10万本书，但亚马逊网络书店的图书销售额中，有四分之一来自排名10万以后的书籍。这些“冷门”书籍的销售比例正以高速成长，预估未来可占整体书市的一半。,克里斯·安德森（Chris Anderson） 自2001年起担任美国《连线》杂志（Wired）总编辑。在他的领导之下，《连线》杂志五度获得“美国国家杂志奖”（National Magazine Award）的提名，并在2005年获得“卓越杂志奖”（General Excellence）金奖。
1995-2005夏至未至, 7.3 ,"https://book.douban.com/subject/1049189
",故事开始于一个虚构的城市浅川，一个深北方长满高大香樟的城市。几个年轻的人开始自己的高中生活，一切都似乎格外的平静和缓慢，带着夏日特有的让人昏昏欲睡的叙述情绪，仿佛夏日午后浓烈如同泼墨的阳光一样。故事就在这样的环境里开始。,郭敬明，上海大学学生，曾出版长篇小说《幻城》《梦里花落知多少》，散文集《爱与痛的边缘》，《左手倒影右手年华》，策划编辑书系《岛》，2003和2004连续两年成为福布斯中国名人榜最年轻入选者。
狼图腾, 8.2 ,"https://book.douban.com/subject/1022060
",《狼图腾》由几十个有机连贯的“狼故事”组成，情节紧张激烈而又新奇神秘。读者可从书中每一篇章、每个细节中攫取强烈的阅读快感，令人欲罢不能。那些精灵一般的蒙古草原狼随时从书中呼啸而出：狼的每一次侦察、布阵、伏击、奇袭的高超战术;狼对气象、地形的巧妙利用；狼的视死如归和不屈不挠；狼族中的友爱亲情；狼与草原万物的关系；倔强可爱的小狼在失去自由后艰难的成长过程——无不使我们联想到人类，进而思考人类历史中那些迄今县置未解的一个个疑问：当年区区十几万蒙古骑兵为什么能够横扫欧亚大陆？中华民族今日辽阔疆土由来的深层原因？历史上究竟是华夏文明征服了游牧民族，还是游牧民族一次次为汉民族输血才使中华文明得以延续？为什么中国马背上的民族，从古至今不崇拜马图腾而信奉狼图腾？中华文明从未中断的原因，是否在于中国还存在着一个从未中断的狼图腾文化？于是，我们不能不追思遥想，不能不面对我们曾经辉煌也曾经破碎的山河和历史发出叩问：我们口口声声自诩是炎黄子孙，可知“龙图腾”极有可能是从游牧民族的“狼图腾”演变而来？华厦民族的“龙图腾崇拜”，是否将从此揭秘？我们究竟是龙的传人还是狼的传人？,姜戎，生于1946年，北京人。北京某大学研究人员。主业为政治经济学，偏重政治学方面。
1Q84 BOOK 1, 8.3 ,"https://book.douban.com/subject/4742918
",1Q84简体中文版官方网站：http://www.douban.com/minisite/1q84/,村上春树 著名作家。 1979年，《且听风吟》出版以来，寂寞忧郁的文字、清淡闲适的情节，尤其是独特新颖的都市感觉的写作文风，令万千读者如痴如醉。随着《挪威的森林》、《舞！舞！舞！》、《海边卡夫卡》等作品的陆续出版，逐渐赢得世界性的崇高声誉，最终形成“村上春树文学山系”。 2009年，集毕生文学之大成的巅峰杰作《1Q84》隆重出版，以席卷之势荣登日本所有畅销榜首，在整个日本、东亚乃至全球都引起巨大反响。正如媒体评论：“如此重大而复杂的题材，几可视为日本文学在新千年的伟大开篇。”
天使与魔鬼, 8.2 ,"https://book.douban.com/subject/1228110
",虔诚的上帝信徒——欧洲原子核研究组织的杰出科学家列奥纳多·维特勒毕生致力于以科学的手段证明神的存在。他和其养女、神秘妩媚的科学家维特多利亚在实验室里进行高度机密的试验，成功地制造出了一种极其强大的能量——“反物质”。,"丹·布朗（DanBrown, 1964- ），美国畅销作家。毕业于阿默斯特学院，曾是一名英语教师。1996年开始写作，先后推出了《数字城堡》、《诡计》和《天使程序》3部小说，均取得了不错的销售成绩，其中以《天使程序》最为成功，奠定了他在小说界的地位。《达・芬奇密码》是他的第4部作品，出版后成为有史以来最为畅销的小说之一。布朗的作品已被翻译成多种文字，在世界范围内广为流传。"
年华是无效信, 7.6 ,"https://book.douban.com/subject/1227838
",在任何传说中，友情永远以无暇而美丽的姿态根生在青春的土壤上，迎风摇曳她们美好的叶瓣。女孩子们将友情具象为结伴成行、同喜同悲、片刻不离等等亲密的举动，好像生来就是双生花那样地相互依靠。但在高中女生宁遥心里，在她每时每刻都与好友王子杨在一起的时候，却隐藏着异常强烈而真实的厌恶感。如同气味强烈的酒精，向内心不断散发着刺鼻的味道。,落落，82年4月生，上海人，编辑，自由撰稿人。
情书, 8.6 ,"https://book.douban.com/subject/1080370
",日本神户，渡边博子在未婚夫藤井树的三周年祭日上又一次陷入到悲痛和思念之中。博子在藤井树的中学同学录里找到了他在小樽市读书时的地址。由于抑制不住对爱人的怀念，博子按着这个地址给远在天国的藤井树寄去了一封充满问候和思念的书信。,岩井俊二，作家，导演。1963年1月24日生于日本宫城县仙台市，毕业于横滨国立大学，具有多方面的艺术修养。 在1990年代佳作迭出的“日本新电影运动”中，简单纯粹、深情唯美的《情书》于1995年公映后，引起空前轰动，迅速风靡整个亚洲，并在世界电影的版图中取得无可争议的重要一席。岩井俊二成为日本电影界的首席代表。 此后，岩井俊二创作并执导的更具深度的《燕尾蝶》以及《关于莉莉周的一切》等作品问世后，进一步奠定了他在世界文坛和影坛的地信。他的每一部作品，都成为无数人视听和精神的盛宴，令人久久流连，回味无穷。至今，《情书》中讲述的深沉眷恋和一去不复返的少年往事，已成为亿万人心中珍藏的记忆。而美丽与忧伤的记忆，总是深深唤起我们对真爱与生命的珍视。
世界是平的, 7.6 ,"https://book.douban.com/subject/1867642
",当学者们讨论世界这20年发展的历史，并把目光聚集在2000年到2004年3月这一段时间时，他们将说些什么？9·11恐怖袭击还是伊拉克战争？或者，他们将讨论：科技的汇集与传播使得印度、中国和许多发展中国家成为世界商品和服务产品供给链上的一员，从而为世界大的发展中国家中的中产阶级带来了大量的财富，使这两个国家在全球化浪潮中占据更有利的位置？随着世界变得平坦，我们必须以更快的速度前进，才能在竞争中赢得胜利？这个世界是否变得如此之小、变化如此之快，从而使我们的政治体系无法调整到与之相适应的稳定结构？,托马斯·弗里德曼是《纽约时报》的专栏作家，曾三次赢得普利策奖。在其1999年出版的经典著作《了解全球化：凌志汽车与橄榄树》当中，他提出了新科技和全球化与传统文化的联系，引发了西方学界一场关于全球化问题的大争论。他认为现在的社会必定抵挡不了全球化的浪潮，全球化的趋势是不可阻挡的。在《世界是平的：21世纪简史》出版之前，他已经是美国公认最有影响力的新闻工作者。
花季雨季, 7.3 ,"https://book.douban.com/subject/1087758
",故事讲述了在深圳这个年轻的城市中一群年轻人的青春成长的历程。新的学期开始了，谢欣然、陈明等几个同学升入了高一，新来的班主任江楠也以自己独特的方式赢得了同学们的喜爱。从无忧无虑的十六岁花季走向敏感、多思的十七岁雨季，一系列成长的烦恼在这群高中生的心里渐渐地弥漫着，一系列来自于家庭、社会的各方面困扰和难题在他们的心里泛起波澜。,郁秀，女，1974年出生，1984年随父母移居深圳。1993年高中毕业后就读深圳大学与美国西雅图艾德蒙学院联办的学位课程，后留学美国。
谁动了我的奶酪？, 7.1 ,"https://book.douban.com/subject/1021056
",《谁动了我的奶酪？》是个简单的寓言故事，内容充满了人生中有关变化寓意深长的真理。这是个有趣且能启蒙智慧的故事，内容是在描绘四个住在“迷宫”里的人物，他们竭尽所能地在寻找能滋养他们身心、使他们快乐的“奶酪”的过程。,斯宾塞·约翰逊（Spencer Johnson），医学博士，他是全球知名的思想先锋、演说家和畅销书作家。他的许多观点，使成千上万的人发现了生活中的简单真理，使人们的生活更加健康、更成功、更轻松。
水仙已乘鲤鱼去, 7.8 ,"https://book.douban.com/subject/1018153
",璟小时候奇胖，母亲常冷嘲她的丑陋。11岁，奶奶、父亲先后亡故，母亲曼改嫁开画廊的陆逸寒，住进桃李街3号。璟受到继父及其儿子小卓的关爱。然而因受精神刺激，罹患暴食症——常常突然无比饥饿，夜半跑去厨房狼吞虎咽吃下整个冰箱的食物。,张悦然，女，全国新概念作文大赛A组一等奖获得者，“新概念作家”代表人物之一。1982年出生于山东济南，2001年毕业于山东省实验中学，后考入山东大学英语、法律双学位班，现在新加坡国立大学攻读理科。其作《陶之陨》、《黑猫不睡》等作品在《萌芽》杂志发表后，在青少年文坛引起巨大反响，并被《新华文摘》等多家报刊转载。2002年被《萌芽》网站评为“最富才情的女作家”。
我们台湾这些年, 7.4 ,"https://book.douban.com/subject/4113090
",关于真正的台湾，你又了解多少？,廖信忠，1977年出生于被赶出联合国后“风雨飘摇”的台湾；1984年，李登辉当选“副总统”，廖信忠上小学；1989年，蒋经国逝世的第二年秋天，廖信忠升入国中；1993年，新国民党联线人士组建“新党”，廖信忠进入淡江高中读书；1998年，马英九和陈水扁竞选台北市长，廖信忠参加成功岭大专集训；2008年，台湾大选马英九获胜，而陈水扁随后锒铛入狱，廖信忠也在上海开启了自己全新的一段人生。
世界尽头与冷酷仙境, 8.6 ,"https://book.douban.com/subject/1291809
","《世界尽头与冷酷仙境》是村上春树最重要的小说之一，与《挪威的森林》、《舞舞舞》合称为村上春树三大杰作。小说共40章，单数20章“冷酷仙境”，双数20章为“世界尽头”，这种交叉平行地展开故事情节的手法是村上春树小说的特征，而这部作品是这种特征最典型的体现。“冷酷仙境”写两大黑社会组织在争夺一个老科学家发明的控制人脑的装置，老人躲到了地底。主人公“我”是老人的实验对象，他受到黑社会的恐吓，在老人的孙女帮助下，经过了惊心动魄的地底之旅，好容易找到老人，却被告知由于老人的计算错误，他24小时后离开人世，转往另一世界即“世界尽头”。“我”回到地面上,与女友过了最后一夜告别，然后驱车到海边静候死的到来。“世界尽头”是另一番景象，这里与世隔绝，居民相安无事，但人们没有心，没有感情，没有目标。“我”一直想逃离这里，但在即将成功时选择了留下，因为“我”发现“世界尽头”其实是“我”自己造出的。书中想象力奇特，艺术水准高超，情节极其荒诞而主题极其严肃，用变形的手法写出人们对当代资本主义社会的混乱现状逃避无门的真实心态。",村上春树（1949- ），日本小说家。曾在早稻田大学文学部戏剧科就读。1979年，他的第一部小说《听风之歌》问世后，即被搬上了银幕。随后，他的优秀作品《1973年的弹子球》、《寻羊冒险记》、《挪威的森林》等相继发表。他的创作不受传统拘束，构思新奇，行文潇洒自在，而又不流于庸俗浅薄。尤其是在刻画人的孤独无奈方面更有特色，他没有把这种情绪写成负的东西，而是通过内心的心智性操作使之升华为一种优雅的格调，一种乐在其中的境界，以此来为读者，尤其是生活在城市里的人们提供了一种生活模式或生命的体验。
灌篮高手31, 9.5 ,"https://book.douban.com/subject/1221515
",《灌篮高手》又名《篮球飞人》，故事讲述高一学生樱木花道在国中时被50位他心仪的女孩子拒绝了，因第50个女生的一句“我喜欢的是篮球队的小田同学。”而对篮球深恶痛绝。但当他进了湘北高校后，一名叫晴子的女生走来问他“你喜欢篮球吗？”因为晴子，樱木于是由从不喜欢篮球，摇身一变地向晴子说：“我喜欢！”樱木为得到晴子的芳心，不顾一切的加入湘北篮球社，并以惊人的速度进步，这样樱木的篮球生涯自此展开了。,井上雄彦在日本九州鹿儿岛县出生，最喜欢的漫画家是池上辽一，最喜欢的篮球明星是美国芝加哥公牛队的迈克尔·乔丹。从19岁开始，正是在大学就学期间，他一有空闲就会抓紧业余时间大量地绘画漫画，结果工多艺熟，为他将来向漫画界发展打下良好的基础。由于从小就受到水岛新司的作品影响，所以也都很喜欢绘画一些充满动感的体育漫画。 1989年，年仅22岁的雄彦凭着出色的画技获得手冢治虫奖。在导师的鼓励下，他毅然决定离开已就读三年的熊本大学文学部， 投身于漫画界发展。 由于他的漫画入选了《少年JUMP》，经编辑介绍，他在北条司门下做了一年助理。期间，他一直都有个人连载漫画出版，到了1990年，他推出的漫画集《篮球飞人》，非常畅销。
旅行的艺术, 8.4 ,"https://book.douban.com/subject/1056461
",这部书就像一场完美的旅程，教我们如何好奇、思考和观察，让我们重新对生命充满热情。旅行是什么，德波顿并不想急于提供答案，旅行为什么，德波顿似乎也不热心去考求。但释卷之后，相信每个读者都会得到一种答案——这答案，既是思辩的，也是感性的，既酣畅淋漓，又难以言说，因为，它更像是一种情绪，令人沉醉而不自知翻开这本书，你踏上的将是一次异乎寻常的阅读旅程。深信德波顿无处不在的智慧和机智将影响甚至改变你对旅行的看法，并有可能改变你日后的旅行心态和旅行方式。德波顿是一个知识渊厚且富有逻辑思辨能力的作者。他曾经是大学的哲学讲师，有着深厚的哲学素养，从苏格拉底、洪堡，到爱默生、尼采，他都有过系统的阅读。此外，对西方文学和艺术作品，他也有广泛的涉猎。因此，在论及“旅行”这一近平陈词滥调的题材时，他不仅时时表现出理性的悟觉，而且还能结合福楼拜、波德莱尔等文学家的创作，参照凡·高等画家的作品，多方位地观照“旅行”、剖析“旅行”。,阿兰·德波顿（Alain de Botton），英伦才子型作家，生于1969年，毕业于剑桥大学，现住伦敦。著有小说《爱情笔记》（1993）、《爱上浪漫》（1994）、《亲吻与诉说》（1995）及散文作品《拥抱逝水年华》（1997）、《哲学的慰藉》（2000）、《旅行的艺术》（2002）、《身份的焦虑》（2004）。他的作品已被译成二十几种文字。
闪开，让我歌唱八十年代, 7.8 ,"https://book.douban.com/subject/3033668
",八十年代，中国最后一个纯真年代。这本书是对这一纯真年代的终极回忆。,张立宪，人称“老六”。新闻出版从业者，居北京，现主编《读库》丛书。自2002年起，以“见招拆招”为网名，发表“记忆碎片”系列文章，在网络世界流传至今。
八十年代访谈录, 8.2 ,"https://book.douban.com/subject/1777823
",这是一本围绕“八十年代”情境及问题意识的对话录，主持者选取的谈话对象多为八十年代引领潮流的风云人物：北岛、阿城、刘索拉、李陀、陈丹青、栗宪庭、陈平原、甘阳、崔健、林旭东、田壮壮、分别属于诗歌、小说、音乐、美术、电影、哲学及文学研究等领域。对话抽取相关领域里在今天仍有讨论价值的当年热点内容作为话题，试图重视这个在中国二十世纪史上具有特殊意义年代的场景和氛围，并且在回顾八十年代社会思想面貌的同时也对其进行反思。,查建英，旅美女作家。笔名扎西多，北京人。1978年至1987年先后就读于北京大学、美国南卡罗来纳大学、哥伦比亚大学，1987年回国，90年代返回美国。2003获美国古根海姆写作基金，再回中国。曾为《万象》、《读书》、《纽约客》、《纽约时报》等撰稿。已出版英文著作China Pop，杂文集《说东道西》，小说集《丛林下的冰河》等。其中China Pop被美国Village Voice Literary Supplement 杂志评选为“1995年度25本最佳书籍之一”。
变形记, 8.5 ,"https://book.douban.com/subject/1213546
",《变形记》共分成三部分：第一部分，推销员格里高尔某天早上醒来后变成了甲虫，这一变故对其本人和家庭却产生了很大的影响。[4]格里高尔彷徨惊慌，忧郁无助。而此时并未得到帮助的他被激怒的父亲大怒赶回自己的卧室；第二部分，变成甲虫的格里高尔，在生活习惯上已然成为甲虫，但是仍然具有人类的意识。虽已失业的他，仍旧关心父亲的债务问题，怎么样送妹妹去音乐学院，关心家里的各种琐事。数日之后，全家人都将格里高尔视为累赘。父亲、母亲、妹妹对他以往的态度转变成了厌恶，嫌弃；第三部分，为了能够继续生存，除了格里高尔全家人只能打工挣钱，对变为甲虫的格里高尔忍无可忍。妹妹提出将自己的亲哥哥赶出家门。格里高尔在亲情冷漠的情况下饥寒交迫，并且患病在身，但仍心系家人，然后他的头就不由自主地垂倒在地板上，鼻孔呼出了最后一丝气息，[5]带着满腹的担忧和内疚看着家庭的不幸，而更不幸的是他终遭社会和家庭的唾弃，在无声无息中死去。,弗兰兹·卡夫卡（Franz Kafka，1883年7月3日～1924年6月3日），生活于奥匈帝国（奥地利帝国和匈牙利组成的政合国）统治下的捷克德语小说家，本职为保险业职员。主要作品有小说《审判》、《城堡》、《变形记》等。卡夫卡1883年出生犹太商人家庭，18岁入布拉格大学学习文学和法律，1904年开始写作，主要作品为四部短篇小说集和三部长篇小说。可惜生前大多未发表，三部长篇也均未写完。他生活在奥匈帝国即将崩溃的时代，又深受尼采、柏格森哲学影响，对政治事件也一直抱旁观态度，故其作品大都用变形荒诞的形象和象征直觉的手法，表现被充满敌意的社会环境所包围的孤立、绝望的个人。卡夫卡与法国作家马塞尔·普鲁斯特，爱尔兰作家詹姆斯·乔伊斯并称为西方现代主义文学的先驱和大师。
上学记, 8.9 ,"https://book.douban.com/subject/1859140
",何兆武教授的这部口述浓缩了20世纪中国知识分子的心灵史。它叙述的尽管只是1920年代-1940年代末不足30年间他学生时期的陈年往事，却蕴含着一个饱经沧桑的老人对整个20世纪历史的反思，对我们重新认识过往、观察现在以及展望未来都有着重要的启迪，这大概是这本书能够激起读者广泛共鸣的原因。这本书同时又是很个性化的，何先生不惮于表露自己的真情实感，不忌讳议论先贤的道德文章，既树立了理性的尊严，又使自己的性情展露无遗。在目前这个功利滔滔的的世界上，何先生对知识与真理的热诚仿佛一股清泉，可以冲洗那些被免得熏染的心灵，使其复现润泽。这也是老一代知识分子风范的存照。任何津津乐道于名人八卦消息的解读，都大大偏离了何先生的志趣。久已厌倦标签化历史著作的读者，可以从这本书中获得丰富、鲜活的历史体验，特别是今天“上学者”和“治学者”，或可藉此思考一下，学应该如何上、如何治。,何兆武，1921年生于北京，原籍湖南，西南联大历史系毕业。曾任中国社科院历史所研究员，清华大学思想文化研究所教授，德国马堡大学客座教授。多年致力于中国思想史、西方思想史、历史哲学的教学与研究。译述康德、卢梭、罗素、帕斯卡、孔多塞等西方思想家的学术经典20余种。论著先后结集为《历史与历史学》（香港，牛津大学出版社）、《历史理性批判论集》（北京，清华大学出版社）、《中西文化交流史论》（北京，中国青年出版社）等。
高效能人士的七个习惯（精华版）, 8.2 ,"https://book.douban.com/subject/1048007
",史蒂芬・柯维（StephenR.Covey）哈佛大学企业管理硕士，杨百翰大学博士。他是柯维领导中心的创始人，也是富兰克林柯维公司（FranklinCovey）的联合主席，曾协助众多企业、教育单位与政府机关培训领导人才。柯维博士曾被《时代》杂志誉为“人类潜能的导师”，并入选为全美二十五位最有影响力的人物之一。在领导理论，家庭与人际关系，个人管理等领域久负盛名。本书自出书以来，高居美国畅销书排行榜长达七年，在全球七十个国家以二十八种语言发行共超过一亿册。富兰克林柯维公司是为组织和个人提供培训和管理咨询的世界顶尖级公司，与财富（Fortune）500强中80%以上的公司和成千上万个中小型企业以及政府职能部门都有建设性的合作关系。富兰克林柯维公司的服务与产品遍布全球，在全球38个国家设有44个分支机构。关于本书企业领导人都知道：只有每一位员工成为高效能人士，企业才会真正成高效率企业。这本书几乎覆盖所有美国成年人，它是美国成年人中最具影响力的书。一个强大的美国是由每一位高效能的美国人决定的，不能不说与这本书有重要的关系。FrankinCovey富兰克林柯维公司简介当您阅读完《高效能人士的七个习惯》（The7HabitsofHighlyEffectivePeople）这本书后，是否希望获得更多的学习资讯，与更多的职业经理人探讨成功的心得？富兰克林柯维公司的培训《高效能人士的七个习惯》使您更加深入地了解书中的理论，彻底地改变思维模式，从而为您走得成功之路奠定坚实的基础。富兰克林柯维公司擅长于通过使用先进的培训方法和系统、完善的内容帮助个人和组织提高效能，其最著名的课程《高效能人士的七个习惯》就源于史蒂芬・柯维（StephenR.Covey）的同名著作。它所传授的内容不是某种流行时尚或管理技巧，而是经过时间的考验并且能够指导行为的基本原则。通过彻底思维的改变达到行为的改变从而加强了组织内部的管理机制、培养组织内部的共同语言和价值观；在全球每年有七十五万人次参加富兰克林柯维公司的培训，而该公司也因其优异表现连续五年入选中国三大培训公司，并在2000年被《ChinaStaff》（中国人事杂志）评为中国最杰出的培训公司。,史蒂芬·柯维（Stephen R. Covey），哈佛大学企业管理硕士，杨百翰大学博士。他是柯维领导中心的创始人，也是富兰克林柯维公司（Franklin Covey）的联合主席，曾协助众多企业、教育单位与政府机关培训领导人才。柯维在领导理论，家庭与人际关系，个人管理等领域久负盛名。
激荡三十年（下）, 8.8 ,"https://book.douban.com/subject/2380307
",下卷记载1993-2008年间的企业变革。,吴晓波，1968年生，毕业于复旦大学新闻系。财经作家，哈佛大学访问学者，“蓝狮子”财经图书出版人。常年从事公司研究，现任职东方早报社。主要出版作品：《大败局》（2001年）、《穿越玉米地》（2002年）、《非常营销》（2003年）、《被夸大的使命》（2004年）等。其中《大败局》被评为“影响中国商业界的二十本书”之一。
致女儿书, 7.6 ,"https://book.douban.com/subject/2257188
",《致女儿书》是王朔对女儿关于自己家庭、血缘、历史和个人情感的真实叙述。它原本是一个相当私密的文本，是当遗书写的，准备要有个万一可以给女儿一个交代。他要告诉女儿咱们家是什么来历，你的爸爸到底是个什么样的人，他内心深沉的歉疚和痛苦……在书中他细致地告诉女儿什么是正确的世界观，拳拳的为父之情漫洇纸上。,王朔，当代作家。1958年出生。1976年中学毕业后，曾先后在海军北海舰队服役、在北京医药公司工作。1978年开始创作。曾发表了《空中小姐》、《浮出海面》、《一半是火焰，一半是海水》、《顽主》、《千万别把我当人》、《橡皮人》、《玩的就是心跳》、《我是你爸爸》、《看上去很美》等中、长篇小说，出版有《王朔文集》和《王朔自选集》等。
池袋西口公园, 7.8 ,"https://book.douban.com/subject/2336093
",《池袋西口公园》是青春推理小说“池袋西口公园”系列的第1部。,石田衣良（Ishida Ira），日本当代最具人气的畅销小说作家，作品大多具有很强的话题性，针对对应现代生活的某个侧面，以引人入胜的故事展开都市新一代的生活感受，被日本文坛誉为“现代感觉の妙手”。
红与黑, 8.2 ,"https://book.douban.com/subject/1007433
","小说主人公于连,是一个木匠的儿子,年轻英俊,意志坚强,精明能干,从小就希望借助个人的努力与奋斗跻身上流社会。",司汤达（1783年-1842年）是十九世纪法国杰出的批判现实主义作家。他的一生并不长，不到六十年，而且他在文学上起步很晚，三十几岁才开始发表作品。然而，他却给人类留下了巨大的精神遗产，包括数部长篇，数十个短篇或故事，数百万字的文论、随笔和散文，游记。 他以准确的人物心理分析和凝练的笔法而闻名。他被认为是最重要和最早的现实主义的实践者之一。最有名的作品是《红与黑》（1830）和《巴马修道院》（1839）。
鬼吹灯之龙岭迷窟, 7.8 ,"https://book.douban.com/subject/1916726
",《鬼吹灯》是部奇书，小说中作者首创历史上四大盗墓门派——摸金、卸岭、发丘、搬山，其中摸金是技术含量最高，规矩最多的门派。“人点烛，鬼吹灯”是传说中摸金派的不传之秘，意为进入古墓之中先在东南角点燃一支蜡烛才能开棺，如果蜡烛熄灭，须速速退出，不可取一物。相传这是祖师爷所定的一条活人与死人的契约，千年传承，不得破。有谚为证：发丘印，摸金符，搬山卸岭寻龙诀；人点蜡，鬼吹灯，勘舆倒斗觅星峰；水银癍，养明器，龙楼宝殿去无数；窨沉棺，青铜椁，八字不硬莫近前。,天下霸唱，原名张牧野，天津人氏。一时兴起写了《鬼吹灯》，没想到在网上广受吹捧。
我的路3, 8.7 ,"https://book.douban.com/subject/1819974
",我们知道，蓝色是天空的颜色，蓝色是大海的颜色，蓝色是我们生长的星球的颜色；蓝色深一些是给予天地安眠的黑夜，蓝色浅一些是万物生命的翠绿。“悲伤是饼干，安静地发霉。过三天它会变成漂亮的绿色霉斑，不能吃下它，也可以拍张照片做纪念。”当蓝色和饼干组合在一起，又会发生怎样的化学变化？《我的路3》就是蓝色的饼干，蓝色的童话，就是向不再相信浪漫、城堡、骑士和灰姑娘的所谓“成熟的大人”叙说一段成长的、爱情的、美丽的、忧伤的、浪漫的童话。,寂地，祖雅乐，国内新晋女漫画插画家。风格别致优美，其代表作品《我的路》获得2004年东方国际原创动画漫画艺术大赛金龙奖最佳绘本漫画奖。
幸运儿, 8.4 ,"https://book.douban.com/subject/1061367
",董事长从小就是个幸运儿，他什么都有，而且都是最好的。,几米，1998年开始个人的绘本创作。
聖闘士星矢 1, 8.6 ,"https://book.douban.com/subject/1581547
",连载从1985年12月到1990年11月结束。,车田正美。1953年12月6日出生地在东京都中央区。以张力十足的热血战斗场面见长，曾是《少年JUMP》的台柱作者之一。凭以希腊神话为背景的长篇作品《圣斗士星矢》，车田正美成为20世纪80年代末期炙手可热的当红漫画家。
鬼吹灯之昆仑神宫, 7.9 ,"https://book.douban.com/subject/1938591
",《鬼吹灯》是部奇书，小说中作者首创历史上四大盗墓门派——摸金、卸岭、发丘、搬山，其中摸金是技术含量最高，规矩最多的门派。“人点烛，鬼吹灯”是传说中摸金派的不传之秘，意为进入古墓之中先在东南角点燃一支蜡烛才能开棺，如果蜡烛熄灭，须速速退出，不可取一物。相传这是祖师爷所定的一条活人与死人的契约，千年传承，不得破。有谚为证：发丘印，摸金符，搬山卸岭寻龙诀；人点蜡，鬼吹灯，勘舆倒斗觅星峰；水银癍，养明器，龙楼宝殿去无数；窨沉棺，青铜椁，八字不硬莫近前。,天下霸唱，原名张牧野，天津人氏。一时兴起写了《鬼吹灯》，没想到在网上广受吹捧。
一个人的第一次 第一次一个人旅行, 8.2 ,"https://book.douban.com/subject/2070012
",[注]：《一个人的第一次》和《第一次一个人旅行》两本书采用的同一个ISBN书号出版。本页面以《一个人的第一次》的资料为主，请大家在评论时注明。,高木直子，1974年，出生于日本三重县，插画家，主要作品《150cm life》、《150cm life2》、《150cm life3》、《一个人住第五年》、《一个人上东京》、《一个人的第一次》。
城市猎人, 8.6 ,"https://book.douban.com/subject/1481362
",在都市犯罪日益猖獗，一個神秘人物嶄露頭角。他不是警察，也有別于一般私人偵探和保鏢，而是位我行我素的俠探，他复姓寒羽，单名獠，人称“城市猎人”。,北条司，1959年3月5日出生于日本福冈县北九州市。1977-1981就读于九州产业大学艺术系设计科。在1979年完成处女作《宇宙天使》，并入选第18回手冢奖。1981年推出的长篇连载《猫之眼》，一举成名，这时他才22岁，刚刚大学毕业。随后的《城市猎人》代表了他在漫画风格上的成熟。代表作《我是男子汉》、《猫眼三姐妹》、《城市猎人》、《天使的礼物》、《白猫少女》、《少女的季节》、《阳光少女》、《那年的夏天》、《非常家庭》等。
CLOVER（VOL.1--4）, 8.7 ,"https://book.douban.com/subject/1439894
",【vol.1】,CLAMP是4人组合的笔名。
不存在的女儿, 7.5 ,"https://book.douban.com/subject/2214344
",1964年，一个大风雪的夜晚，医生戴维亲自为妻子接生。一对双胞胎降临人间，其中的女孩却患有先天性唐氏症。为了保护家人，或者保护自己，戴维欺骗妻子女儿已夭折。这个决定从此让两个家庭变了样……人生旅途当中，我们或多或少会有这种经历：在某个时刻，我们的某个决定，某个动作，当时自己并不能了解。很久以后，经过反复思量，才恍然大悟，终于明白自己当年的决定造成了怎样的结果。,金·爱德华兹：生于德州，长于纽约，现为肯德基大学英文系助理教授，常于各地举办写作工作坊，著有短篇小说集《火王的秘密》。《不存在的女儿》是她出版的第一部长篇小说。
明朝那些事儿（柒）, 8.9 ,"https://book.douban.com/subject/3626924
",明朝最后一位皇帝，自来有许多传说。关于崇祯究竟是一个昏庸无能的皇帝，还是一个力图奋起的人，一直众说纷纭。不管怎么说，这是一个残酷的时代，也是一个精彩的时代。本书对这一段历史进行了分析梳理，引人思索。,当年明月，副研究员，明史学会会员，青年历史学者，心灵历史开创者，担任国内多家电视台文史类节目主讲人，畅销书作家，所著作品《明朝那些事儿》销量过五百万册，为三十年来最畅销之史学读本，多次获得“新浪图书风云榜”最佳图书、当当网“终身五星级最佳图书”、“卓越亚马逊畅销书大奖”等荣誉，位列全国十大畅销书之一，2007—2008年度系列畅销书第一名，该系列作品已被译为日、韩、英等多国文字出版发行。
玩笑, 8.4 ,"https://book.douban.com/subject/1052828
",“我也同样清楚，一旦越过那条界线，我就不再晚了，我会变成另外一个人，一个不知什么样的人。这种可怕的变化使我担战心惊，所以我一直在强烈的失落感中拼命寻求爱情。这种爱情，应该让我能继续生活在往昔与今日一致的爱情憧憬、爱情理想之中，因为我不愿意把我的生活从中间分割，我要它自始至终贯穿如一。,米兰·昆德拉，小说家，出生于捷克斯洛伐克布尔诺；自1975年起，在法国定居。长篇小说《玩笑》、《生活在别处》、《告别圆舞曲》、《笑玩录》、《不能承受的生命之轻》和《不朽》，以及短篇小说集《好笑的爱》，原作以捷克文写成。最近出版的长篇小说《慢》、《身份》和《无知》，还有随笔集《小说的艺术》和《被背叛的遗嘱》，原作以法文写成。《雅克和他的主人》，系作者戏剧代表作。
佛祖在一号线, 8.2 ,"https://book.douban.com/subject/4872671
",千呼万唤的李海鹏首部专栏集，中国当下最好的专栏作家之一。,李海鹏：
阿Q正传, 8.8 ,"https://book.douban.com/subject/1088065
",《阿Q正传》讲述值此世纪末，衷心祈愿这里所议论的人物在下一世纪的中国现实生活中淡出；当然，作为光辉的典型人物，他将和哈姆雷特、唐·吉诃德等不朽的名字一样万古不朽。阿Q，是一个卑微渺小的人物，但却是一个巨大的名字。我不说：“伟大”而说“巨大”，是因为这个小人物的确称不上伟大，但这个名字的历史的和美学的涵容量却真是巨大得无比，我想不出世界任何一个文学人物能有阿Q那样巨大的概括性，把几亿人都涵盖进去。几乎每个中国人，你，我，他，都有阿Q的灵魂的因子。阿Q是一个“做奴隶而不可得的时代”的奴隶，比“做稳了奴隶的时代”的奴隶更可悲。做不稳，就要挣扎。他的挣扎当然不可能有过五关、斩六将或爬雪山、过草地那样的英雄事业，但作为一个小人物，他的一生也够悲壮的了。使阿Q的一生焕发悲壮的光采的是，他不仅呈现了清末民初的一个普通百姓的灵魂，几千年来成群而生、成群而死的默默的生长和枯死的灵魂；更是藉着这个灵魂的勾勒，多方面地全国民性的痼疾爆了光。阿Q虽然枪毙了，但他的阴魂不散，时时附在中国人的身上。因为痼疾的病灶埋藏得既深且久，不时复发，至少在本世纪还是常见病和多发病。但愿即将降临的新世纪，这个人物在中国淡出，只留下无与伦比的形象在艺苑中永生。这肯定也是创造这一典型人物的鲁迅的夙愿。,《阿Q正传》讲述值此世纪末，衷心祈愿这里所议论的人物在下一世纪的中国现实生活中淡出；当然，作为光辉的典型人物，他将和哈姆雷特、唐·吉诃德等不朽的名字一样万古不朽。阿Q，是一个卑微渺小的人物，但却是一个巨大的名字。我不说：“伟大”而说“巨大”，是因为这个小人物的确称不上伟大，但这个名字的历史的和美学的涵容量却真是巨大得无比，我想不出世界任何一个文学人物能有阿Q那样巨大的概括性，把几亿人都涵盖进去。几乎每个中国人，你，我，他，都有阿Q的灵魂的因子。阿Q是一个“做奴隶而不可得的时代”的奴隶，比“做稳了奴隶的时代”的奴隶更可悲。做不稳，就要挣扎。他的挣扎当然不可能有过五关、斩六将或爬雪山、过草地那样的英雄事业，但作为一个小人物，他的一生也够悲壮的了。使阿Q的一生焕发悲壮的光采的是，他不仅呈现了清末民初的一个普通百姓的灵魂，几千年来成群而生、成群而死的默默的生...
设计私生活, 7.6 ,"https://book.douban.com/subject/1025176
",动情，不管是对人，猫狗兔、大树小草等等，都是人们熟悉的有情众生，可有些人的磁场特别敏感，这种人不只能感受有机生物的电波，对无机生物的能量也极其感应，因此他们看椅子、玩具、衣服、灯、笔记本、积木、图画……都可以把它们看成活物，看到它们活跃的电子活动场。,欧阳应霁：
八百万种死法, 7.7 ,"https://book.douban.com/subject/1867064
",《八百万种死法》里的八百万其实是指纽约市里八百万市民。作者在书中经常写出各种离奇古怪的死法———只是在家里看电视却会无辜被炸死、跟相邻几十年的邻居会因一只新宠物而争执动武死亡。“八百万种死法”的意思是每一个人都有他们死的方法———没有人可以逃避，尤其是在纽约这个光怪陆离的罪恶城市。,劳伦斯·布洛克生于1938年，在上世纪50年代开始写小说。布洛克最早出版的小说《睡不着觉的密探》（1966年）主角是一位名叫伊凡·谭纳的密探，因为在朝鲜战争中脑部受伤，再也无法睡眠，这个角色在之后的系列中不断地出现，最新的是1998年的《冰上的谭纳》。布洛克还有其他受欢迎的系列，比如“杀手凯勒”系列和以纽约二手书商兼盗贼罗登巴尔为主角的“雅贼”系列。
大象的眼泪, 7.1 ,"https://book.douban.com/subject/2265995
",虽然雅各绝口不谈往事，但一个说不出口的秘密仍旧蛰伏在他九十多岁的心灵深处。,莎拉·格鲁恩（Sara Gruen），对动物有着莫名的狂热，先前出版过两本与马有关的书，都广受欢迎。书中很多的角色都是根据真实人物为蓝本，故事背景则是根据1930年代的巡回马戏团。她现与丈夫、三名子女、四只猫、两头羊、两条狗、一匹马同住在芝加哥北部的环保小区。
理想国, 8.8 ,"https://book.douban.com/subject/1004821
",《理想国》涉及柏拉图思想体系的各个方面，包括哲学、伦理、教育、文艺、政治等内容，主要是探讨理想国家的问题。,柏拉图（公元前427年－347年）是古希腊的大哲学家，苏格拉底（公元前469年－399）的学生，亚里士多德（公元前384年－322年）的老师。他一生大部分时间居住在古希腊民族文化中心的雅典。他热爱祖国，热爱哲学。他的最高理想，哲学家应为政治家，政治家应为哲学家。哲学家不是躲在象牙塔里的书呆，应该学以致用，求诸实践。有哲学头脑的人，要有政权，有政权的人，要有哲学头脑。
我的路4, 8.8 ,"https://book.douban.com/subject/2067299
",《我的路4》封底一改以往沉重的色彩，色彩变得明亮快活了许多。我的目光不禁停留在小女孩身上，凝视着她胸前的四叶草和手上的三叶草……三叶四叶草自古以来就是幸福快乐的象征，作者在此透露着这么一个信息：只要心中充满希望，我的路会通向光明幸福的所在！,寂地，“情感色彩魔术师”，温暖心灵的绘本漫画家。
圣传画集, 8.6 ,"https://book.douban.com/subject/1467333
","脱胎于佛教传说的故事自始至终充满了神秘主义的色彩宿命论的因子。一切的一切，以守护斗神、阿修罗王的一个小小心愿--希望自己的孩子能顺利诞生为缘起，展开了一幕幕分别以帝释天和四天王及阿修罗和""六星""为代表交织着天界种族爱恨情仇的宏大战争诗篇……在命运的安排下将会成为灭天之破的六星开始云集在阿修罗的身边，《圣传》中最为著名的两个约定也初见端倪的时候，《圣传》的出版却一度陷入了停止的状态，如鲠在喉咙的感觉，真是令人寝食难安啊！经过长时间望眼欲穿的等待之后，手捧着远在大连的朋友寄来的《圣传》最后一集，激动的心情难以压抑。现在看起来，那时的我好傻，可是那种因稀少而倍显珍贵的感触，却再难以体会了。",《圣传》是日本人气动漫工作室CLAMP的出道成名作。CLAMP是第四代少女漫画的代表，在不到十年的时间里，她们创作出《圣传》，《东京巴比伦》，《X》等多部轰动性作品，获得了巨大的成功。同时掀起了第四代少女漫画的浪潮……魔法 骑士(1995)以及CLAMP学园侦查团(1997)被制作成电视动画。战记(1996)制作成剧场动画。
九州·羽传说, 8.2 ,"https://book.douban.com/subject/1321018
",在九州这片古老而神奇的土地上，生存着这样一个像精灵般的族群：他们身体轻盈，能在月圆之夜凝出双翅振翅高飞。他们的名字叫做羽人。,今何在，网络文学作家，1977年生人。《悟空传》、《诺星汉天空》作者。做过网站管理，游戏策划，影视编剧。
霜冷长河, 7.2 ,"https://book.douban.com/subject/1075495
",《霜冷长河》自序,余秋雨，1946年生，汉族，浙江人。文化史学家、艺术学教授、博士生导师。现任上海戏剧学院教授上海写作学会会长。十余年来越野历险万公里，实地考察了中华文化在内的人类各大文明的兴衰脉络，沿途写下了《文化苦旅》、《山居笔记》、《霜冷长河》、《千年一叹》、《行者无疆》等著作。这些著作出版后，一直位居全球华文书排行榜前列。
天是红河岸, 8.8 ,"https://book.douban.com/subject/1853785
",夕梨，被古老的土耳其王妃从21世纪带到了斯托塔帝国。王位的争夺战把她卷了进去！是危险也好，是幸福也好，在她不经意发现自己已经深深的爱上了卡尔之时，一切都不重要了！只要与他在一起，是进敌营亦或是做俘虏，是做挂牌的侧妃还是人人敬慕的战争女神，满心都是他的温柔与关怀……离奇的庞大历史剧在筱原老师精妙的笔下脱茧……,筱原千绘(Chie Shinohara)
孔雀森林, 7.3 ,"https://book.douban.com/subject/1433700
",故事始于一则有趣的心理测验：“你在森林里养了好几种动物，马、牛、羊、老虎和孔雀。如果有天你必须离开森林，而且只能带一种动物离开，你会带哪种动物？”,蔡智恒，网络上的昵称是痞子蔡。1969年，台湾成功大学水利工程博士。1998年于BBS发表第一部小说《第一次的亲密接触》，造成全球华文地区的痞子蔡热潮。自此以后，左脑创作小说，右脑书写学术论文，独树一格。现于成功大学担任博士后研究员。
变身, 7.1 ,"https://book.douban.com/subject/3865832
",成濑纯一：普通的相貌、普通的经历、普通的工作、普通的性格，典型的到哪里都随处可见的那种人。工作两年，不好不坏，性格懦弱……唯一比较拿手的就是画画，并在买画材的时候认识了在油画店工作的小惠，然后象普通人一样陷入热恋。本该充满着幸福与宁静的生活，却被始料不及的一宗抢劫事件打乱——为了救一名小女孩，成濑被抢劫犯用枪射杀！,东野圭吾，日本著名作家，1958年生于大阪，直木奖、推理作家协会奖、江户川乱步奖、本格推理小说大奖等日本重要文学奖项得主，出道20余年来作品逾60部。
大教堂, 8.6 ,"https://book.douban.com/subject/3335362
",几乎所有评论家都从这本《大教堂》中嗅出卡佛的变化来。在这本创作于1982年到1983年间的小说集中，如果说人物和情节仍延续了卡佛早期作品的灰暗和无法自拔的话，在几篇篇幅较长的作品的结尾，我们可以看到卡佛把自己那扇一直尘封的天窗推开一条缝隙，洒下了一点点光亮。我们仍然可以读到一系列小人物在生活的泥潭里摸爬滚打：重逢恋人被轰出了刚刚借来的房间（《瑟夫的房间》）；生活就像坏掉的冰箱里的食物一样腐臭变质（《保鲜》）；奔波的人失望地离开，扔下了曾经挚爱的东西（《马笼头》）；父亲在痛苦的回忆中，拒绝下火车去见来接站的儿子（《软座包厢》）；甚至因耳屎堵住了耳朵而带来的不便和恐惧（《小心》）。交流的匮乏和艰难，成了整部小说集凸显的主题，不管是在父子间、情人间、夫妇间，还是朋友间，甚至萍水相逢的人之间，语言和身体的交流成了所有灰暗中最苍白的角落。但在《好事一小件》、《电话来自何方》以及《大教堂》中，卡佛正在步履维艰地一点点“远离那威胁性的模糊，朝着希望而不是恐怖迈进”，不管这种希望是多么的微弱和渺茫。我们读到了一对刚刚失去儿子的夫妇和一个一直打来骚扰电话的面包师之间的和解；一个酒鬼鼓起勇气，准备拨通妻子的电话；一个男人放下了心理的抵触，在一个盲人的指触下，闭上眼感觉着大教堂。在访谈中，卡佛解释了自己的改变：“我想，现在的感觉更加乐观了一点。当然在大部分小说中，人物的麻烦得不到解决。人们的目标和希望枯萎了。但有时，而且恐怕是经常，人们自己不会枯萎，他们把塌下去的袜子拉起来，继续走。”,雷蒙德·卡佛（1938—1988），美国当代著名短篇小说家、诗人，美国“极简主义”代表作家，并被誉为“新小说”创始者。
闍河魅影, 8.7 ,"https://book.douban.com/subject/1464716
",夕梨，被古老的土耳其王妃从21世纪带到了斯托塔帝国。王位的争夺战把她卷了进去！是危险也好，是幸福也好，在她不经意发现自己已经深深的爱上了卡尔之时，一切都不重要了！只要与他在一起，是进敌营亦或是做俘虏，是做挂牌的侧妃还是人人敬慕的战争女神，满心都是他的温柔与关怀……离奇的庞大历史剧在筱原老师精妙的笔下脱茧……,筱原千绘(Chie Shinohara)
魔戒（第一部）, 8.8 ,"https://book.douban.com/subject/1040104
",这是一部有关史前人类霍比特人的故事。弗拉多为了拯救族人，前往火焰山的厄运山口，要摧毁魔戒的魔力，使人类免受黑势力的奴役……,约翰·罗纳德·鲁埃尔·托尔金（1892—1973）是牛津大学教授，古英语专家，写了不少小说，其中最著名的是《霍比特人》（又译作《小矮人历险记》〈1937〉）与《魔戒》（1954—1955）。
基地, 9.2 ,"https://book.douban.com/subject/1258490
",向来，过去才是历史，昨天才是历史。阿西莫夫却与众不同，他的《基地》系列写的是“未来的历史”，是“遥远未来的历史”，是“明天的历史”！,"萨克·阿西莫夫（Isaac Asimov, 1920-1992），这个出生在俄国、长在美国的美籍犹太人，是20世纪顶尖的科普巨匠和科幻文学大师，被誉为“国家的奇迹与自然的资源”。他一生中创作了467部作品，涉及数字，天文学、地球科学、化学和生物化学、物理学、生物学、历史、文学、科幻等诸多领域。"
于丹《论语》心得, 7.0 ,"https://book.douban.com/subject/1931318
",《论语》，流传2500多年，影响世代中国人，它的经典语句，每一个中国人耳熟能详。《论语》的真谛，就是告诉大家。怎么样才能过上我们心灵所需要的那种快乐的生活。作者于丹紧扣21世纪人类面临的心灵困惑，结合古典文化，运用女性特有的细腻情感，从中国人的宇宙观、心灵观、处世之道、交友之道、人格修养之道、理想和人生观等七个方面，从独特的个性视角出发来解读《论语》。,于丹，北京师范大学教授，中国古代文学硕士、影视学博士。
骗局, 7.3 ,"https://book.douban.com/subject/1485225
",美国总统大选在即，共和党总统候选人参议员塞奇威克·塞克斯顿猛烈抨击现任总统的航空航天政策，得到了大多数美国选民的支持，形势对现任总统的连任极为不利。就在这个关键时刻，国家航空航天局向总统报告了一项惊人的科学成果：他们在北冰洋之下有重大发现……这个发现对美国的航空航天政策和迫在眉睫的总统大选都意义重大。,丹·布朗（Dan Brown，1964- ）是美国小说界新宠，当今世界最畅销的作家之一。他的《达·芬奇密码》一经问世就高踞各大畅销书排行榜榜首，创下书市奇迹，在中国也掀起了一阵热潮。丹·布朗的另外两部小说《数字城堡》和《天使与魔鬼》的中译本已由本社出版。《骗局》是他写于《达·芬奇密码》之前的作品。
不去会死！, 8.2 ,"https://book.douban.com/subject/4618225
",石田裕辅原是普通上班族，小学时在路边看到一位青年骑着载满行囊的自行车飞驰而过，那身影成为他潜意识里追逐的形象。于是，长大后发下“不去会死”的豪语，辞掉人人称羨的大企业工作，踏上世界之旅。,石田裕辅（Yusuke Ishida），1969年出生。高中一年级骑自行车环游和歌山县一周后，开始憧憬旅行。高中二年级达成“环游近畿一周”；大学时休学一年，完成“环游日本一周”。1995年辞去食品制造企业的工作，踏上环遊世界之旅。在旅途各地写下老套的歌词，画了风景和人物的素描，并且自我陶醉着。
18岁给我一个姑娘, 7.5 ,"https://book.douban.com/subject/1319345
",“我早在搬进这栋板楼之前，就听老流氓孔建国讲起过朱裳的妈妈，老流氓孔建国说朱裳的妈妈是绝代的尤物。我和朱裳第一次见面，就下定决心，要想尽办法一辈子和她耗在一起。”,冯唐，生于1971年，北京土著。在协和医科大学学医八年，获医学博士学位，论文涉及妇科肿瘤的隐秘起源。赴美学商二年，获MBA，秋风起时觉得不如归去。现就职于一家管理咨询公司，从事旧时被称为幕僚或师爷的工作，重新出没于北京。
侠客行（全二册）, 7.3 ,"https://book.douban.com/subject/1212894
",《侠客行》著于1965年，据说灵感和书名来自李白的诗作“古风五十九首”之《侠客行》。小说叙述的是一个懵懂少年石破天的江湖经历。,金庸（1924- ），当代最为著名的武侠小说作家。他本名查良镛，浙江海宁人，上海东吴法学院毕业。1959年在香港亲手创办明报机构，出版报纸、杂志和图书，1993年退休。先后创作了十五部长篇及短篇的武侠小说，广受欢迎，印量无数。曾获颂多项荣衔，包括2000年获香港特别行政区颁授最高荣誉大紫荆勋章，香港和各国多所大学的荣誉学位、名誉教授、院士。还担任过浙江大学人文学院院长，英国牛津大学汉学研究院高级研究员。
亦恕与珂雪, 7.2 ,"https://book.douban.com/subject/1012747
",一位学画的女孩“珂雪”与一位学理工的男孩“亦恕”，当艺术与科学相遇，不同的理念背景，对于爱情的期待与表现截然不同，就因为不同，所以他们的爱情可以非常丰富。亦恕，一个学科学的理工男，聪明、独特的幽默能力，凡事有原则，思考喜欢讲逻辑，就连爱情也是。,蔡智恒，全球华文地区E世代天王级作家，昵称痞子蔡，JHT。
水煮三国, 7.3 ,"https://book.douban.com/subject/1077497
",管理是一个需要务实的领域，管理学也是一种需要务实的学问。成君忆先生将人力资源管理和市场营销管理中遇到的各种问题及对策，用大话三国的写作方式娓娓道来，看似荒诞不经，实则大有深意存焉。——香港人力资源学会会长蔡惠琴,成君忆先生现任亚太人力资源研究协会（APHRA）副秘书长。他是一位具有10年从业资历的企业管理顾问，在塑造品牌特征、整合营销传播、组织设计、人才选拔、职业生涯规划、团队建设等诸多领域都有突出的表现。他的客户包括一些世界500强企业的在华机构。
门萨的娼妓, 8.0 ,"https://book.douban.com/subject/1015767
",作为当今世界独树一帜的喜剧电影大师，伍迪・艾伦的幽默天赋是与生俱来的。他15岁就开始为报纸写专栏，有一段时间还自编自演“单口相声”（Standupcomedian），此后数十年至今，他挥霍着自己的幽默气质，编笑话和搞笑故事，写散文、小说和剧本（作品曾入选1989年由伊夫林・豪主编的《犹太美国短篇小说选》），拍电影更是让他功成名就。,伍迪艾伦（Woody Allen，1935－），原名艾伦・斯图尔特・康尼格斯伯格（Allen Stewart Konigsberg），当代集编、导、演于一身的犹太裔美国著名电影艺术家、作家和单簧管演奏家，被称为“卓别林之后最杰出的喜剧天才”。他的电影多以曼哈顿为背景，以死亡、性和道德为主题，有浓郁的纽约知识分子风格，机智幽默又细腻感伤。神经质的内省而自我的人物（多由伍迪・艾伦自己扮演）、想像力丰富而奇特的构思、絮叨又幽默的对白、反讽与批判的视角，几乎是他每部电影的共同元素。创作颇丰，代表作有《安妮・霍尔》（1977）、《曼哈顿》（1979）、《汉娜和她的姐妹们》（1986）、《子弹穿越百老汇》（1994）等。
东方快车谋杀案, 8.9 ,"https://book.douban.com/subject/1731370
",波洛老爹在叙利亚处理完一件非常棘手的案子后，坐上了回国的火车。,被誉为“举世公认的侦探小说女王”的阿加莎·克里斯蒂（AgathaChristie）是英国小说家和剧作家，她的许多侦探小说塑造了高傲的比利时侦探赫尔克里·波洛和英国乡村女侦探简 马普尔的形象。阿加莎·玛丽·克拉丽莎·米勒（AgathaMary ClarissaMiller）于一八九○年九月十五日生于英国德文郡托基市。她原在法国巴黎学习声乐，但以后放弃歌唱家生活转而从事写作。一九一四年她与阿奇博尔德·克里斯蒂上校结婚，于一九二八年离婚。两年后，她又与考古学家马克斯·马洛温结婚。一九七一年她获得女爵士封号。一九七六年一月二十日阿加   莎在英国沃灵福德逝世。
白银时代, 8.4 ,"https://book.douban.com/subject/1132956
",《白银时代》是《时代三部曲》之二。,王小波，当代著名学者、作家。
失焦, 8.7 ,"https://book.douban.com/subject/1270508
",《失焦》是卡帕亲历二战的摄影手记，作品忠实记录了他在战争中经历和感受到的一切。展卷阅读，有时会哑然失笑，而更多的时候，则会让人心情沉重。卡帕深深热爱生命，热爱和平，他厌恶战争，痛恨自己的职业——眼看着一个个年轻的生命，生死只在一瞬间，任谁也无法承受这种巨大的反差——尤其是当这种事情就发生在自己的身边，甚至随时会发生在自己身上时。然而卡帕却以近乎“冷酷无情”的冷静忠实地记录下这一切，他的文字，他的照片，无一不充分体现出这种冷静，而隐藏在冷静背后的，是用生命才能换取的勇气。,罗伯特・卡帕，原名安得烈・弗里德曼，匈牙利人，有史以来最伟大的战地摄影家。成名于西班牙国内战争时期，以表现一个战士中弹将要倒下的照片震动当时的摄影界，这幅作品也成为战争摄影的不朽之作。二战期间，他采访了中国，以及非洲、欧洲等国家的许多重大战役，拍摄了不少极为精彩的照片，其中尢以诺曼底登陆最为令人难忘。1947年，他与摄影家西摩和布勒松在纽约组成了玛农图片社，这是第一人国际性的自由摄影家联合机构，也由此引发了摄影业的一场革命。1954年，他志愿来到越南战场，不幸误踏地雷身亡，为自己的传奇一生画上了句号。
成都，今夜请将我遗忘, 7.3 ,"https://book.douban.com/subject/1024854
",生活中我们有着那么多真挚的情感，都在岁月的磨砺中淡化为一种木然，人性的丑陋和竞争的残酷有时竟是那么地不择手段，不寒而栗是那良知的泯灭却无从发现，社会这个凶猛的野兽，张开血盆的大口，仿佛随时要把我们吞噬在那无稽的深渊……而我们却在那里讨论着哲学，道貌岸然地不屑一顾那些真实的所遇所得，因为我们都愿意浮在水面上生活，无法也很少愿意去理解那更深层的感觉。,慕容雪村
两个人住, 7.6 ,"https://book.douban.com/subject/1011882
",《两个人住》是欧阳应霁设计生活的又一典范，它虚拟了这样一种情景：在茫茫人海中，两个人相遇相识，从素昧平生到相亲相爱，最后决定在同一个屋顶下生活，他们如何从家徒四壁开始，建构他们的家，营造他们的家居情调和氛围？从一把椅子、一只杯子、一幅窗帘的寻寻觅觅，到一盏灯、一只花瓶、一面镜子的挑挑拣拣，这中间还夹杂着两个人的口味和品位、争执与协调、恋物与超脱，颇能捕捉现代都市人飘忽的心绪。,欧阳应霁：一个不甘心因此也不容易被标签定位的创作人。时而涂鸦漫画荒谬奇情一心造反，时而登堂入室访亲会友大做文章，或者驻守厨中舞刀弄叉饮饱食醉，或者离家出走天南地北浪荡终日。
那小子真帅, 6.6 ,"https://book.douban.com/subject/1036067
",韩国网络新生代、偶像作家可爱淘的网络小说《那小子真帅》一经发行，立即在韩国青少年中掀起了万丈波涛，越来越多的人患上了所谓的“那小子综合症”，所有教室无一幸免都被龙卷风扫到。销量超过200万本，长居韩国畅销小说首位。,可爱淘，本名李允世，家中长女。1985年出生于忠北制川，2003年毕业于忠北制川女子高中，就读韩国成均馆大学国文系。作品有《那小子真帅》、《狼的诱惑》等。
挪威的森林, 8.2 ,"https://book.douban.com/subject/1330096
",以百分之百的纯情、坦率倾倒无数少男少女和城乡读者的这部青春小说佳作，去年雄踞日本畅销书榜首，自1987年9月问世到1988年底，已印行30余次，印数高达320万册。我国已有10多家报刊作了报道。,村上春树（1949- ），日本小说家。曾在早稻田大学文学部戏剧科就读。1979年，他的第一部小说《听风之歌》问世后，即被搬上了银幕。随后，他的优秀作品《1973年的弹子球》、《寻羊冒险记》、《挪威的森林》等相继发表。他的创作不受传统拘束，构思新奇，行文潇洒自在，而又不流于庸俗浅薄。尤其是在刻画人的孤独无奈方面更有特色，他没有把这种情绪写成负的东西，而是通过内心的心智性操作使之升华为一种优雅的格调，一种乐在其中的境界，以此来为读者，尤其是生活在城市里的人们提供了一种生活模式或生命的体验。
荒村公寓, 6.8 ,"https://book.douban.com/subject/1019431
",某天，四个大学生突然来访。他们说看了“我”在《萌芽》杂志上发表的中篇小说《荒村》以后，被激起一睹究竟的欲望，执意去荒村探险。四人从荒村返回后，短短几天内纷纷遭遇意外。而“我”也收到了一个自称“聂小倩”的神秘女子的E-mail。从此，种种离奇古怪的现象便如鬼魅般死死缠上了我，根本无法摆脱。在极度恐惧的三十个白天黑夜里，我和小倩竟然深深相爱了。可是，来自荒村的笛声唤醒了她的记忆。小倩并不属于这个人间。我却期望还能见到她。当圣物玉指环回归地宫时，灵光闪现，千古之谜终于揭晓谜底……《荒村公寓》讲述了一个恐怖至极又唯美伤感的故事。贯穿始终的除了紧贴皮肤、深入骨髓的恐惧，更有亘古不变爱的召唤。在令人窒息的紧张气氛中，深沉的爱超越了五千年的时空，超越了都市与荒村，超越了生命与死亡――惟有在绝对恐惧的考验下，才能迸发出如此动人如此炽热的浪漫。一旦打开《荒村公寓》，就会拥有一个刻骨铭心的夜晚……,蔡骏，摩羯座，O型血。生于上海，长于上海，小时梦想成为国家地理绘图员，后来又与美术学院擦肩而过。因为离不开母语的土壤，遂认定汉语是地球上最美的语言，誓言以汉语写出世界上最好的小说。自称“灵感的宠儿”，依靠上帝赐予的灵感吃饭，常担心脑子被各种突如其来的灵感撑破。二十二岁即开始发表小说，同年获得全国性文学新人奖。2001年长篇惊悚小说《病毒》横空出世，从此一发而不可收，翱翔于惊悚悬念小说之天地，至今已出版《猫眼》、《幽灵客栈》等数部长篇小说，其中《诅咒》被拍摄成电视连续剧。2004年继在《萌芽》杂志发表多部小说后，长篇小说《荒村公寓》接踵而至，在历史与现实、爱情与惊悚、悬念与推理之间游刃有余，显示出作者超人的才情。作者以其天马行空般的想像力，严密紧凑的逻辑思维，致力打造属于中国人自己的经典悬疑小说，大有直追斯蒂芬.金、希区柯克诸大师之嫌。
美丽新世界, 8.7 ,"https://book.douban.com/subject/1321789
",《美丽新世界》是二十世纪最经典的反乌托邦文学之一。这部作品与乔治·奥威尔的《1984》、扎米亚京的《我们》并称为“反乌托邦”三书，在国内外思想界影响深远。,"阿道司·赫胥黎（Aldous Huxley, 1894—1962）是一位多产的英国作家，共写作了50多部小说、诗歌、哲学著作和游记，其中最著名的作品是长篇小说《美丽新世界》。他是生物学家的儿子，从小受到良好的教育，先后毕业于伊顿公学和牛津大学。他对人类生活中的矛盾具有超人的预见力。尽管一次眼疾几乎让他视力全失，但在学习了盲文后，他逐步开始写作，先后创作了许多胎炙人口的小说，并在20年代成为一个明星人物，其中，1932年创作的《美丽新世界》让他名留青史。"
活了100万次的猫, 9.0 ,"https://book.douban.com/subject/1257365
",有一只100万年也不死的猫，其实它死了100万次，又活了100万次。是一只漂亮的虎皮花猫。有100万个人宠爱过它，有100万个人在它死的时候哭过，可是它连一次也没有哭过。,佐野洋子，日本著名绘本作家，出生于中国北京，毕业于日本东京武藏野美术大学设计系，曾在德国柏林造型大学学习石版画。
上海堡垒, 8.3 ,"https://book.douban.com/subject/3268399
",新世纪的毁灭预言,江南：作家，经理人。毕业于北京大学、Washington University in St. Louis，师从Prof. Michael L. Gross。居北京。
设计，不安于室, 7.2 ,"https://book.douban.com/subject/2036343
",这是一本小题大作的书！书中谈的不是令人肃然起敬的建筑和艺术，而是把橡皮圈、马桶刷、胡椒罐和碗盘看待得和建筑、艺术一样认真！,林桂岚，撰写了许多歌手、演员、作家、艺术家的故事后，新年，在日本东京街头闲逛时，在龟有的神社，许下为家中的胡椒罐、糖罐写故事的愿望，虽然有时也会板起脸解说设计师的野心，但更喜欢自嘲，对咖啡杯、椅子、桌子开玩笑。对音乐、美食、旅行情有独钟，但也从不把它们看得太伟大。台湾铭传大学大众传播系毕业，曾任《哈泼时尚》采访编辑、希代出版企划编辑，后来为自由艺术策展人，目前为自由作家，为台湾、香港、内地的多家报章杂志撰写设计、生活时尚、城市观察等文章。
丑陋的中国人, 7.9 ,"https://book.douban.com/subject/3067169
",1984年9月24日，柏杨在美国爱荷华大学演讲《丑陋的中国人》，强烈批判中国人的“脏、乱、吵”、“窝里斗”以及“不能团结”等，并将原因归结到“中国传统文化中有一种滤过性病毒，使我们的子孙受到了感染，到今天都不能痊愈”。次年8月，此篇讲稿和另外两场演讲的记录《中国人与酱缸》、《人生文学与历史》，一篇访问稿《正视自己的丑陋面》，以及柏杨的三十几篇杂文、近二十篇的回应文章结集出版，是为轰动一时的《丑陋的中国人》。,柏杨，中国人熟悉的作家，其创作生涯大致可分为十年小说，十年杂文，十年历史，十年通鉴；他不仅是一名著作等身的家，同时也是思想家，社会观察家和文化评论者；他不但是历史见证人，也是文化改革的行动者。
道路与梦想, 7.6 ,"https://book.douban.com/subject/1464442
",王石，中国企业家群体中阳光式的领袖人物。他为人们所熟知，除了因万科的品牌及地产项目外，还因他的鲜明个性和登山经历。这位万科的创始人，同万科的职业经理人团队共同引领万科，用20年的时间创造了一系列奇迹。,王石，1951年1月出生于广西省柳州市，兰州铁道学院给排水专业毕业。
LA流浪記, 8.1 ,"https://book.douban.com/subject/1343089
",你不想流浪嗎？你不想從現在的生活逃離嗎？哪怕是一下下也好？如果這樣的機會來了，你會不會真的去流浪？……我知道有些人的流浪不快樂，有些人的流浪是不得已。我的人生裡，當然也有些小規模的流浪是不得已、不快樂的。但是在L.A.的這幾年，我都很暢快、很自在。我遇見跟我很不一樣的人們，跟著他們做很多我一個人時不會做的事，我有時被輕視，有時被重視；有時被耍，有時耍人；有時狡猾，有時天真。我很懷念那段日子、那些朋友，我把他們寫出來，讓你也一起逛逛我的夢中城堡，陪我回味那麼靠近夢想時的滋味。但願我的人生，都還會有更靠近夢想的時刻會到來。─蔡康永,《LA流浪记》是一部带自传性质的故事集，内含18篇外，此外还独家披露蔡康永的学生照。
灿烂涅槃, 8.6 ,"https://book.douban.com/subject/1844629
",柯特·科本，一个来自穷街陋巷的邋遢大王，自小便蒙受敌意的眼光；一个精神上的朋克小子，从来只汲取叛逆的乳汁。他贯彻着加缪大叔的主张：人的根本面目之一，便是反抗。,郝舫，著名作家、乐评人，著有《将你的灵魂接到我的线路上——大众文化中的流行音乐》、《伤花怒放——摇滚的被缚与抗争》、《灿烂涅磐——柯特·科本的一生》、《比零还少——探访欧美先锋音乐的异端禁地》等影响巨大的摇滚和文化著作，译有《上车走人——与黑旗摇滚在路上》、《请宰了我——纽约叛逆文化圈口述实录》等。他是十数种国内重要报刊专栏作家 ，被视为摇滚文化和另类文化的代言人。曾任大学教师、报社编辑、杂志主编、网站总监，电视节目制作人。现任Rolling Stone中文版主编。
我的千岁寒, 6.8 ,"https://book.douban.com/subject/2030664
",这本书是王朔近年来的五部作品的合集，包括《我的千岁寒》、北京话版《金刚经》、《唯物论史纲》、《宫里的日子》以及剧本《梦想照进现实》的小说版、调侃性的影视评论《与孙甘露对话》。,王朔，北京人。1958年出生。1976年中学毕业后，曾先后在海军北海舰队服役、在北京医药公司工作。1978年开始创作。曾发表了《空中小姐》、《浮出海面》、《一半是火焰，一半是海水》、《顽主》、《千万别把我当人》、《橡皮人》、《玩的就是心跳》、《我是你爸爸》、《看上去很美》等中、长篇小说，出版有《王朔文集》和《王朔自选集》等。
袁氏当国, 8.5 ,"https://book.douban.com/subject/1000280
",《袁氏当国》讲述了袁世凯如何在晚清政府和国民革命军政府之间养敌自重以觊觎总统宝座，宋教仁刺杀案的历史谜团到底暗示了什么真实背景，孙中山的个性对他改造国民党以谋求革命有何影响，袁氏当国时期的内政外交如何复杂多变，筹安会“六君子”与袁氏政府之间的关系到底如何，不该遗忘的古德诺教授的政治理念是什么?作者唐德刚先生凭借其一贯的学者气节，不依风附草，不人云亦云，坚持论从史出，坚持言必有据,唐德刚 1920年出生，安徽合肥人。美国哥伦比亚大学硕土、博士毕业。长期从事历史研究与教学工作，并对口述历史的发展有很大贡献。著有《李宗仁口忆录》《顾维钧回忆录》《胡适口述自传》《胡适杂忆》《晚渭六十年》等，另有包括历史、政论、小说、诗歌、杂文等多部作品。
凯尔特的薄暮, 8.3 ,"https://book.douban.com/subject/2267630
",本书是叶芝的代表作之一，这是一部特殊的作品。之所以说它特殊，原因有二：第一，这是诗人叶芝以诗歌的笔法写出，却又并非诗集的作品。第二，这是诗人用来表达他对爱尔兰永恒的热爱的一部重要作品。实际上，这是一部叶芝饱含着诗人的激情整理出的一部优美的爱尔兰神话传说集。诗人浸淫在爱尔兰文化中多年，对于爱尔兰传说中的仙女等等魔幻力量的存在深信不疑，这种浪漫信仰给他的诗歌创作增添了特殊光彩。为了回报爱尔兰民族文化这个提供给他以无限灵感的美的母体，叶芝用诗人的笔触，记录下他喜爱的凯尔特风土人情。本书集结了或绵延数页，或寥寥几句的乡人闲谈和神话传说，风格和形式有点类似我国蒲松龄的《聊斋志异》。不过，与《聊斋》不同的是，本书更多的是强调诗人本人对于魔幻世界的思索与感激。,W.B.叶芝（1865-1939），爱尔兰诗人，1923年诺贝尔文学奖获得者。他一生几乎都用于对生命奥秘的无尽探求和对美的无限追求，被喻为“20世纪最重要的英语诗人之一”，也有人认为他就是20世纪最伟大的英语诗人。
我们去哪儿, 7.7 ,"https://book.douban.com/subject/1868896
",《我们去哪儿》是开本、厚度和《地下室》差不多的一本书，而这本小说和《地下室》的区别是：《地下室》重男人情义；《我们去哪儿》尝试写写那些风里雨里的所谓爱情。,张彬（BENJAMIN），毕业于大连轻工业学院服装设计专业。1998年9月赴天津。绘画了短篇漫画《Sena与情人》。1999年5月，回到北京，靠大量的兼职广告工作生活。2000年3月，创作了短篇漫画《夏天没有的花》。同时和几个志同道合的好友组织了“赤红漫画社”。作品相继在漫画主流媒体上发表，并尝试用CG进行创作，并出版过相关书籍。作品厚重尔飘渺，有极强的感染力，以写实尔达意境为主。
如果在冬夜，一个旅人, 8.7 ,"https://book.douban.com/subject/2136484
",《如果在冬夜，一个旅人》由框架故事和嵌入小说两部分组成。框架故事以男性读者“你”作主角，“你”是整本书的“隐设读者”，也是实际在进行阅读的读者。话说，你兴致勃勃地买来卡尔维诺的新小说《如果在冬夜，一个旅人》，正看到入迷之处，没想却因书页装订错误而被迫中断阅读。你迫不及待地去寻找下文，不料拿回来却是另一部小说，读到高潮迭起之际，书又戛然而止……如此这般的阴错阳差一再发生，你锲而不舍地追索其下文，一部接一部地找来读，前后总共阅读了十部互异其趣的小说之开头，这些“嵌入的小说”的标题正好串成一个句子：（1）如果在冬夜，一个旅人，（2）在马尔泊克镇外，（3）从陡坡斜倚下来，（4）不怕风吹或晕眩，（5）在逐渐累聚的阴影中往下望，（6）在一片缠绕交错的线路网中，（7）在一片穿织交错的线路网中，（8）月光映照的银杏叶地毯，（9）环绕一空墓，（10）什么故事在那头等待结束？,伊塔洛·卡尔维诺，1923年10月15日生于古巴，1985年9月19日在滨海别墅猝然离世，而与当年的诺贝尔文学奖失之交臂。父母都是热带植物学家，“我的家庭中只有科学研究是受尊重的。我是败类，是家里唯一从事文学的人。少年时光里写满书本、漫画、电影。他梦想成为戏剧家高中毕业后却进八大学农艺系，随后从文学院毕业。1947年出版第一部小说《通向蜘蛛巢的小径》，从此致力于开发小说叙述艺术的无限可能。曾隐居巴黎15年，与列维一施特劳斯、罗兰巴特、格诺等人交往密切。1985年夏天准备哈佛讲学时患病。主刀医生表示自己未曾见过任何大脑构造像卡尔维诺的那般复杂精致。
上帝掷骰子吗, 9.2 ,"https://book.douban.com/subject/1467022
",《上帝掷骰子吗》这本书是关于量子论的故事。量子论是一个极为奇妙的理论：从物理角度来说，它在科学家中间引起了最为激烈的争议和关注；从现实角度来说，它给我们的社会带来了无与伦比的变化和进步；从科学史角度来说，也几乎没有哪段历史比量子论的创立得到了更为彻底的研究。然而不可思议的是，它的基本观点和假说至今没有渗透到大众的意识中去，这无疑又给它增添了一道神秘的光环。,曹天元（Capo），出生于上海，足迹遍历内地、香港和美国，现居香港。本人不愿透露具体身份。
你在天堂里遇见的5个人, 8.1 ,"https://book.douban.com/subject/1069885
",《相约星期二》随着莫里的溘然长逝而告终。六年后，在米奇·阿尔博姆的新作中，纪实换成厂虚构；死亡从结局演变成了开端；主角还是一位老人——不是洞明世事的教授，而是到死都对自己的一生心存惶惑的退伍老兵，游乐场维修工。,米奇·阿尔博姆（1959- ），美国著名专栏作冢，电台主持，电视评论员，此外还是活跃的慈善活动家。迄今为止，阿尔博姆已出版九部畅销著作，其中纪实作品《相约星期二》在全美各大图书畅销排行榜上停留四年之久，被译成包括中文在内的三十一种文字，全球累计销量超过一千一百万册。2003年，阿尔博姆六年磨一剑的小说《你在天堂里遇见的五个人》将“星期二神话”继续延伸，迄今已累计售出八百万册。
输赢, 7.6 ,"https://book.douban.com/subject/1827578
",捷科公司的销售精英周锐，发现自己被逼上了绝路：亲手带出来的销售团队被划走，却被要求完成遥不可及的销售指标。面对顶头上司的排挤，周锐的唯一生机就在银行的超级大单上，而竞争对手为了这个大单，早在一年前就布置好了战场，周锐腹背受敌。更糟糕的是，周锐发现对手竟是自己的初恋情人骆伽。骆伽一边处处设障，一边温情脉脉，周锐应如何抉择？他将何去何从？,付遥，实战派销售专家。1995年加入IBM公司担任资深销售专员；1998年至2000年，在戴尔（中国）公司担任北方区销售经理；2000年作为资深培训主管，开始负责戴尔（中国）公司大陆及香港地区员工的培训工作；2002年10月作为资深顾问加入倍腾企业顾问公司，从事销售领域的咨询和培训工作。
青蛇, 8.4 ,"https://book.douban.com/subject/1261153
",桥是断肠桥，塔是伤心塔。,李碧华原名李白，是香港文坛大名鼎鼎的才女。她才高意广，行踪神秘，从不在大庭广众前抛头露面，坚持不公开照片、身世、年龄，容貌不详。曾任教师兼任多份职业。1976年秋至今，任记者及电影、电视编剧，并撰写专栏。著有《白开水》、《爆竹烟花》、《青红皂白》、《胭脂扣》、《霸王别姬》、《纠缠》、《秦俑》、《诱僧》、《青蛇》等，多部作品改编成电影。擅长写情，揭示人物复杂丰富的心灵世界，表达了作者对情的执著追求，并融入历史的、社会的、美学的、哲学的意蕴，所以她书中的人物独具一格，故事别出心裁、瑰奇诡异、雅俗共赏，为她赢得了“天下言情第一人”的美誉。
魔戒（第二部）, 8.9 ,"https://book.douban.com/subject/1058759
",《魔戒王三部曲》是英国牛津大学中世纪英国文学教授J.R.R.托尔金于1954年推出的系列作品。它一经问世就在英美两国乃至全世界掀起了轩然大波，随即成为西方奇幻文学殿堂的经典之作，并影响了好几代的读者。至今《魔戒王三部曲》已被译成25种不同语言，全球销售量达9000万册以上。托尔金教授创造的中古大地魔幻社会，结构精密，住着不同的种族，而哈比族少年佛洛多被卷入一场争夺魔戒的正邪大战，凭着勇气和友人的帮助，终于战胜黑暗力量。,"约翰·罗纳德·鲁埃尔·托尔金（J.R.R.Tolkien, 1892-1973）是英国牛津大学教授，古英语专家，但他又写了不少小说，其中最著名的作品是《霍比特人》（又译作《小矮人历险记》）和《魔戒》。"
小姨多鹤, 8.6 ,"https://book.douban.com/subject/3012517
",二战进入尾声，日本战败投降，大批当年被移民来中国东北企图对中国实施长期殖民统治的普通日本国民被抛弃。十六岁的少女多鹤即为其一，在死难多艰的逃亡中，她依靠机智和对生的本能的渴望逃过了死亡，被装进麻袋论斤卖给了东北某小火车站站长的二儿子张俭作为传宗接代的“工具”。张俭的哥哥据传因为抗日而被日本人杀害，张俭的老婆朱小环因日本鬼子的惊吓导致流产，从此不能生育。国仇家恨的大背景下，日本少女多鹤的介入，使得整个家庭的关系变得暧昧和怪异。,严歌苓，美籍华人，出生于上海。从军十五年，1986年发表第一部长篇小说，1989年赴美留学。获哥伦比亚艺术学院文学硕士学位。现为好莱坞专业编剧。出版有《一个女兵的悄悄话》、《绿血》、《花儿与少年》、《第九个寡妇》、《一个女人的史诗》等长篇小说《女房尔》、《美国故事》等多部中短篇小说集。
张爱玲文集, 8.9 ,"https://book.douban.com/subject/1004992
",第一卷：《牛》《霸王别姬》《沉香屑第二炉香》《茉莉香片》《心经》《封锁》《琉璃瓦》《年轻的时候》《花凋》《殷宝滟送花楼会》《等》《桂花蒸阿小悲秋》《留情》《鸿鸾禧》《相见欢》《色·戒》《五四遗事》,张爱玲（1920-1995），中国女作家。祖籍河北丰润，生于上海。1943年开始发表作品，代表作有中篇小说《倾城之恋》、《金锁记》、短篇小说《红玫瑰与白玫瑰》和散文《烬余录》等。1952年离开上海，1955年到美国，创作英文小说多部。1969年以后主要从事古典小说的研究，著有红学论集《红楼梦魇》。已出版作品有中短篇小说集《传奇》、散文集《流言》、散文小说合集《张看》以及长篇小说《十八春》、《赤地之恋》等。
女心理师（上）, 7.3 ,"https://book.douban.com/subject/2026939
",一位衣冠楚楚的匿名男士，“您到底跟我爱人说了什么，她回去就自杀了？”,毕淑敏，女，1952年出生于新疆，1969年入伍，在喜马拉雅山、冈底斯山、喀喇昆仑山交汇的西藏阿里高原部队当兵11年。1980年转业回北京。
牛奶可乐经济学, 7.5 ,"https://book.douban.com/subject/3000997
",一部“博物经济学”著作，它非学术大部头，而只是生活小智慧。其实经济学正生动地编织着生活的方方面面，人身边的大事小事都可以用经济学原理来一一破解，这就是博物经济学。,罗伯特·弗兰克，博物经济学家，康奈尔大学约翰逊管理学院经济学和管理学教授，《纽约时报》经济专栏特约评论员。弗兰克不是一位学术型经济学家。他主张经济学应该是一门根植于经验和观察的社会科学，而不是以数学为核心的硬科学。
时生, 7.6 ,"https://book.douban.com/subject/4152754
",《时生》为东野圭吾迄今风格最独特的一部，以惊天动地的想象和鬼斧神工的解谜，将幻想、悬疑、穿越、推理、亲情熔为一炉，东野圭吾更称其为迄今“集大成之作”，在东野粉丝站上长期高踞“读者票选5佳”，超人气日剧《给父亲的口信》原著作品。其感人肺腑、泪中带笑的故事令人无不唏嘘动容……,东野圭吾，日本著名作家。
永远的普罗旺斯, 8.1 ,"https://book.douban.com/subject/1070685
",自从诞生之日起，普罗旺斯（Provence）就谨慎地保守着她的秘密，直到英国人彼得・梅尔的到来，普罗旺斯许久以来独特的生活面纱才渐渐揭开若干年前，作为麦迪逊大道的一家广告公司的高级主管，彼得・梅尔厌倦了写字楼的繁忙与浮华，携妻及爱犬告别了雾气迷蒙、漫长灰暗的伦敦，隐居到了法国南部的普罗旺斯，那里阳光明媚、天色蔚蓝，梅尔购置了一座古宅，勤学法文，向过去的一切说再见，悠闲自得地生活，并开始了他的写作生涯。《普罗旺斯的一年》、《永远的普罗旺斯》、《重返普罗旺斯》，他的每本与普罗旺斯有关的书在《纽约时报》的畅销书排行榜上都久居不下。在彼得・梅尔笔下，普罗旺斯不仅是地域的代名词，同时也是一种生活方式的象征。经年持久地在拥挤、繁忙、喧嚣、竞争、压力中生活的都市人，获得许多物质的享受，却不经意间失去了健康的身体和宁静的生活。有钱、有地位，头顶却少了明媚清澈的阳光，内心更少了一份随心所欲的潇洒。即使是“有钱有闲”去旅游，恐怕也是来去匆匆，无法放纵。彼得・梅尔的书就写给这样看似充实无比实际已经压力重重的都市一族。不是教他们如何应对，而是让他们学会幸福地逃避。,彼得・梅尔，英籍知名作家，曾任国际大广告公司的高级主管。在纽约麦迪逊大街的广告业打拼了15年之后，于1975年开始专职写作。
赢, 8.2 ,"https://book.douban.com/subject/1313124
",《赢》中，韦尔奇结合亲身管理实践及大量鲜活的案例，将其在工作与生活中“赢”的智慧倾囊相授，内容涉及商务活动的诸多层面，包括商业生活的要旨、企业领导的管理智慧、普通员工的求职与晋升之道，乃至如何实现工作与生活的平衡。本书凝聚了韦尔奇一生的管理智慧，是其执掌通用21年来领导艺术的总结与升华。,杰克•韦尔奇，1960年在GE公司开始自己的职业生涯，1981年他成为该公司的第八任董事长兼CEO。在任期间，GE公司的市值增长到4000亿美元，高居世界第一。韦尔奇先生目前担任杰克•韦尔奇咨询公司的负责人，为《财富》500强中部分企业的CEO们担任顾问，他还经常到世界各地，与商业人士、学生们进行交流。
草样年华Ⅱ, 7.2 ,"https://book.douban.com/subject/1432422
",最值得回味的校园生活剪影：课桌上的画像、臭球鞋、女生宿舍的暖壶、在双杠上飘荡的书包……,孙睿，男，1981年出生北京工业大学毕业，代表作《草样年华》。2004年之前，没人知道孙睿是谁，而仅仅几个月时间，一本《草样年华》已让孙睿跻身“5大偶像”的行列了。
大败局Ⅱ, 8.5 ,"https://book.douban.com/subject/2064450
",《大败局Ⅱ》所记录的败局均发生在2000年到2007年之间，将它们与《大败局》中的失败案例合在一起来阅读，你将可以看到过去10年里发生在中国商业界的众多兴衰往事。出现在本书中的企业家，都是他们那一代人中的不世豪杰。跟《大败局》中的众多草莽人物相比，一个让人印象深刻的区别是，他们中的不少人拥有令人羡慕的高学历，他们中有教授（宋如华）、发明家（顾雏军）、博士（仰融）、军医（赵新先）、作家（吕梁）以及哈佛商学院总裁班学员（孙宏斌）等等。他们也并非对风险毫不在意，如托普的宋如华在创业之初就曾经专门拜访落难中的牟其中和史玉柱，向他们当面讨教失败教训。甚至在公司规范化经营及战略设计上，这些公司也与当年《大败局》中的企业不可同日而语。华晨、德隆、三九及健力宝等公司都曾经重金聘请全球最优秀的咨询公司为其服务，德隆的唐万新甚至还有一个拥有150名研究员的战略研究部门。,吴晓波，单向街图书馆创办人之一，财经作家，“蓝狮子”财经图书出版人。1968年生，毕业于复旦大学新闻系。哈佛大学访问学者。常年从事公司研究，现任职东方早报社。主要出版作品：《大败局》（2001年）、《穿越玉米地》（2002年）、《非常营销》（2003年）、《被夸大的使命》（2004年）等。
猫国物语, 8.9 ,"https://book.douban.com/subject/3316422
",102只猫主角的奇闻轶事……,莫莉蓟野（Mori Asamino），妈妈日本人、爸爸荷兰人的日荷混血儿，五岁移居日本。原本就热爱绘画，未受过正统插画训练的她，一直梦想出版自己的绘本创作。凭着兴趣与成熟的作品，集结了自己的旅游手札和插画创作，2001年10月由NHK出版《猫国物语》系列绘本，于日本当地及香港皆获得热烈回响。
约翰·克利斯朵夫, 8.8 ,"https://book.douban.com/subject/1186392
",本书写的是关于一个音乐天才与自身、与艺术以及与社会之间的斗争，追溯了一个德国音乐家在许多艺术斗争中演变的历程。主人公约翰·克利斯朵夫是一个充满矛盾和不协调的性格，一位满怀生命热情却又遭到敌对世界误解的极其诚恳的艺术家。爱德蒙·高斯称此书为20世纪的最高贵的小说作品。,罗曼·罗兰（1868—1944）生于一八六六年，二十岁时进入巴黎高等师范学校。从这著名的最高学府毕业后，又进一步深造，完成了博士论文，还当过中学教师，终于得以进入高等师范学校与巴黎大学讲授艺术史。这一段学术道路尽管相当漫长，走下来颇为不易，但他却很早就同时开始了文学创作。凭介《约翰·克利斯朵夫》一书获1915年诺贝尔文学奖。
城南旧事, 9.1 ,"https://book.douban.com/subject/1254588
",多少年来，《城南旧事》感动了一代又一代的读者，除了再版无数次的小说版外，1985年，本书在中国大陆搬上银幕，电影“城南旧事”获得“中国电影金鸡奖”、第二届“马尼拉国际电影节最佳故事片奖金鹰奖章”、第十四届“贝尔格勒国际儿童电影节最佳影片思想奖”等多项大奖。,林海音（1918-2001），现代女作家。她原籍台湾苗栗，生于日本，长于北京。1960年以小说《城南旧事》成名。林海音不仅创作了许多小说和散文作品，她在出版业上亦有许多成绩。从1951年开始，她主编《联合报》副刊10年，树立了编辑的典范，提升了文艺副刊的水准和地位；1961年创办“纯文学出版社”，发掘鼓励许许多多的年轻作家。
围城, 9.1 ,"https://book.douban.com/subject/1464989
",《围城》是钱钟书所著的长篇小说。第一版于1947年由上海晨光出版公司出版。1949年之后，由于政治等方面的原因，本书长期无法在中国大陆和台湾重印，仅在香港出现过盗印本。1980年由作者重新修订之后，在中国大陆地区由人民文学出版社刊印。此后作者又曾小幅修改过几次。《围城》自从出版以来，就受到许多人的推重。由于1949年后长期无法重印，这本书逐渐淡出人们的视野。1960年代，旅美汉学家夏志清在《中国现代小说史》(AHistoryofModernChineseFiction)中对本书作出很高的评价，这才重新引起人们对它的关注。人们对它的评价一般集中在两方面，幽默的语言和对生活深刻的观察。从1990年代开始，也有人提出对本书的不同看法，认为这是一部被“拔高”的小说，并不是一部出色的作品。很多人认为这是一部幽默作品。除了各具特色的人物语言之外，作者夹叙其间的文字也显着机智与幽默。这是本书的一大特色。也有人认为这是作者卖弄文字，语言显得尖酸刻薄。但这一说法并不为大多数人接受。,钱钟书(1910－1998)，字哲良，默存，号槐聚，中国江苏无锡人，中国近代著名作家、 文学研究家。毕业于清华大学外文系，获文学学士，赴上海，到光华大学任教。后考取第三届(1935年)庚子赔款公费留学资格，名列榜首，留学英国牛津大学 埃克塞特学院。大学毕业后任教于多所高校。新中国成立后被评为一级教授。晚年就职于中国社会科学院，任副院长。其夫人杨绛也是著名作家，育有一女钱媛(1937年-1997年)。曾为《毛泽东选集》英文版翻译小组成员。著有《管锥编》、《谈艺录》、《七缀集》、《写在人生边上》、《槐聚诗存》等，小说《围城》和《人兽鬼》。
一光年的距离有多远, 6.7 ,"https://book.douban.com/subject/1021597
",卓小茵妈妈出生于老上海的名门世家，对女儿最大的愿望就是一定要做个淑女，嫁到有头有脸的人家，在妈妈一哭二闹三上吊的攻势下，虽然卓小茵最大的梦想是当一个出色的电影导演，但她最后还是进了女子学院。从此，天生就有男孩性格的她陷入了苦恼不堪的生活。为了向着自己的梦想而努力，小茵和死党成立了“茵”DV社，打算自编自导自演一出故事，用DV拍出来。安臣杰--青藤学校的天之骄子，俊朗的外表、富裕的家境、出众的学业，使他成为了女孩子们目光的焦点。小茵所拍摄的DV电影，男主角人选也同时锁定在安臣杰的身上。而当发现安臣杰就是自己小时候的玩伴之后，她更是不能免俗地喜欢上了这个耀眼的阳光男孩。可是，在安臣杰的心中，早就有了心仪的女孩子--女子学院的学生会主席，十全十美的女生代表任雪儿。尽管坚持着自己喜欢的人是雪儿，可是，安臣杰还是在不知不觉中被小茵所吸引，却也在不知不觉中抗拒着这股吸引力。他拒绝了小茵的表白，把自己的好朋友樊君瑞介绍给小茵，最后还答应雪儿一起出国留学。小茵的DV拍摄的是一个爱情故事，但她没有想到的是，属于她自己的爱情也随着她所编的那个故事，悄悄地展开了……,炜，52集电视动画长片《我为歌狂》策划、编剧，26集电视动画系列片《咕噜先生》编剧，长篇小说《我为歌狂》，长篇小说《爱上爱情》，长篇小说《心的1/2》，话剧《我为歌狂》编剧。
瓦尔登湖, 8.3 ,"https://book.douban.com/subject/1044316
",对于《瓦尔登湖》，不须多说什么，只是还要重复一下，这是一本寂寞、恬静、智慧的书。其分析生活，批判习俗，有独到处。自然颇有一些难懂的地方，作者自己也说过，“请原谅我说话晦涩，”例如那失去的猎犬，粟色马和斑鸠的寓言，爱默生的弟弟爱德华问过他是什么意思。他反问：“你没有失去吗？”却再也没有回答了。有的评论家说，梭罗失去过一个艾伦（斑鸠），一个约翰（猎犬），可能还失去了一个拉尔夫（栗色马）。谁个又能不失却什么呢？,亨利.梭罗（1818～1862），杂文家、诗人、自然主义者、改革家和哲学家，生于马萨诸塞州的康科德，毕业于哈佛大学，在担任数年中学校长之后，毅然决定以作诗和论述自然为终生事业。梭罗受超验主义领导爱默生影响很深，两人过从甚密。
卡尔维诺文集（第五卷）, 9.1 ,"https://book.douban.com/subject/1032431
",此卷收录卡尔维诺两部小说名篇《寒冬夜行人》和《帕洛马尔》，以及小说演讲稿《美国讲稿》（又译为“未来千年文学备忘录”）。,伊塔洛·卡尔维诺（1923-1985）是意大利当代最有世界影响的作家。他在四十年的创作实践中，不断探索和创新，力求以最贴切的方法和形式表现当今的社会和现代人的精神，以及他对人生的感悟和信念。他的作品风格多样，每一部都达到极高的水准，表现了时代，更超越了时代。他于1985年猝然逝世，而与当年的诺贝尔文学奖失之交臂，但他在国际文坛上的影响与日俱增，他的创作日益受到人们的关注。
名侦探的守则, 7.3 ,"https://book.douban.com/subject/4264003
",推理小说的核心在于解谜，解谜的真髓在于逻辑，逻辑的对象则在于诡计。,东野圭吾 日本著名作家。
Harry Potter and the Deathly Hallows, 9.0 ,"https://book.douban.com/subject/1975797
","Harryhasbeenburdenedwithadark,dangerousandseeminglyimpossibletask:thatoflocatinganddestroyingVoldemort’sremainingHorcruxes.NeverhasHarryfeltsoalone,orfacedafuturesofullofshadows.ButHarrymustsomehowfindwithinhimselfthestrengthtocompletethetaskhehasbeengiven.Hemustleavethewarmth,safety,andcompanionshipofTheBurrowandfollowwithoutfearorhesitationtheinexorablepathlaidoutforhim.","J. K. 罗琳（J. K. Rowling, 1965- ），英国女作家，自小喜欢写作，当过短时间的教师和秘书。二十四岁那年，她在前往伦敦的火车旅途中萌生了创作“哈利·波特”系列小说的念头。七年后，《哈利·波特与魔法石》问世，之后她陆续创作了《哈利·波特与密室》《哈利·波特与阿兹卡班囚徒》《哈利·波特与火焰杯》《哈利-波特与凤凰社》《哈利·波特与“混血王子”》和《哈利·波特与死亡圣器》，完成了该系列的创作，在全球刮起一股股“哈利·波特”飓风，在世界范围内掀起规模宏大的“哈利·波特”阅读狂潮。另外，在此期间，她还因为慈善事业而先后完成了《神奇动物在哪里》和《神奇的魁地奇球》这两部与“哈利·波特”系列相关的图书，最新完成的作品是《诗翁彼豆故事集》。"
青铜时代, 8.8 ,"https://book.douban.com/subject/1082407
",这是以中国古代唐朝为背景的三部作品构成的长篇。这组作品的主人公，是古代的知识分子和传奇人物。他们作为一群追求个性、热爱自由、想按自己的价值观念精神信条生活的人，充满了强烈的创造欲望和人道需求，但被当时的权力斗争控制和扭曲了心态与行状、竟将智慧和爱情演变为滑稽闹剧。作者在这部长篇中，借助才子佳人、夜半私奔、千里寻情、开创伟业等风华绝代的唐朝秘传故事，将今人的爱情与唐人传奇相拼贴，使唐人传奇现代化，在其中贯注现代情趣，并通过对似水流年的追述，让历史与艺术相融合，最终确立了对生命终极价值的体认，引出了一种由叙事者随心所欲地穿行于古今中外的对话体叙述方式。,王小波，当代著名学者、作家。 　　1952年5月13日出生于北京，1968年去云南插队，1978年考入中国人民大学学习商品学专业。1984年至1988年在美国匹兹堡大学学习，获硕士学位后回国，曾任教于北京大学和中国人民大学，后辞职专事写作。1997年4月11日病逝于北京。后辞职专事写作。1997年4月11日病逝于北京。王小波无论为人，为文都颇有特立独物的意味，其作品别具一格，深具批判精神，被人们广泛阅读、关注、讨论并引发了了场持久不衰的〔王小波热〕，王小波荒诞不经的想象力和妙趣橫生的叙述方式一定会赢得更多的会心的微笑。
吃南瓜的人, 7.6 ,"https://book.douban.com/subject/1322066
",《吃南瓜的人》讲述一个被爱情欺骗的女人的故事。林结球和王庇德是公司一对隐蔽的恋人，王庇德在一次公差中不幸遇难，林结球怀着对他无限的眷恋不顾上司的劝阻，毅然收养了他的女儿。然而，随后而来的事情，使林结球对自己曾经付出的真爱感到了怀疑，林庇德欺骗了所有的人，也包括她。,亦舒，言情文学作家。原名倪亦舒，兄长是香港作家倪匡。亦舒1946年生于上海，祖籍浙江镇海，五岁时定居香港。中学毕业后，曾在《明报》任职记者，及担任电影杂志采访和编辑等。1973年，亦舒赴英国修读酒店食物管理课程，三年后回港，任职富丽华酒店公关部，后进入政府新闻处担任新闻官，也曾当过电视台编剧。现为专业作家，并已移居加拿大。
狼的诱惑, 6.8 ,"https://book.douban.com/subject/1026674
",淳朴的农村女孩彩麻（心地单纯善良，为他人着想，天真中有种成熟的责任感）在父亲去世后来到了住在城市里的妈妈的身边。妈妈已于多年前和父亲离婚，同时带走了彩麻的妹妹忆美（男孩子气，讨厌曲折的东西，业余爱踢足球）。,李韵世，1985年出生于韩国忠北制川市，身高：163厘米，家有一男一女，作者为家中长女。2003年毕业于忠北制川女子高中，现就读于韩国成均馆大学国文系。她属于脑中装满衡奇古怪想法的水瓶座，是拥有神秘魅力的AB血型的。作品：《那小子真帅》、《狼的诱惑》；未来志愿：成为贤妻良母；兴趣爱好：睡觉、唱歌、空想；缺点：懒惰、缺乏毅力、很容易改变主意，而对自己不喜欢做的事情往往会临阵脱逃；优点：托脾气很好的福，即使发火也能很快平静下来，所以不容易被拒绝；心目中的理想对象：很有男子气概，不论是外表还是性格，非常聪明，是一个值得尊敬的人；愿望：如果能回到一个月以前…… 最看重的东西：朋友写给我的信；最喜欢的事情：白天睡觉、冷面，还有爸爸；最喜欢的小说人物：智银圣；中文网站：www.keaitao.com
窗灯, 7.4 ,"https://book.douban.com/subject/3678694
",这本书是两个短篇的合集，其中《窗灯》是青山七惠的小说处女作，这部作品一举摘得有“芥川奖摇篮”之称的第42届日本文艺奖。它通过描写一个辍学后在一家咖啡馆打工的女大学生从窥视对面一名男子房间，进而夜夜上街窥视普通人的生活，细腻地刻画了一个无法处理好现实生活的年轻女性的心理世界：“说到底，我最想要看到的，或许并不是人们平平淡淡的日常生活，而是潜藏在淡漠表情下的矛盾、欲望、因悲伤而扭曲变形的丑陋面孔吧。”这位《窗灯》的女主人公绿藻，和《一个人的好天气》中的知寿处在同一条平行线上，仍旧是一个在现实社会中无法很好地处理感情的女子，青山借作品提出两个疑问：她身边所没有的东西窗外是否就有？她在窗外能找到什么？然而，绿藻最终并没有找到任何结论性的东西，她迷失在不黑不白的灰色地带……,青山七惠（1983- ），日本新锐小说家，生于埼玉县熊谷市，筑波大学毕业。2005年，凭借小说处女作《窗灯》获第42届日本文艺奖，在文学界崭露头角。2007年，以《一个人的好天气》荣膺第136届芥川龙之介奖。
BOY圣子到, 8.5 ,"https://book.douban.com/subject/1798557
",简介：梅泽春人红极一时的大作《BOY圣子到》，另一译名叫《神行太保》。相比之下第二个名字直观很多，很容易让你知道这是一部以流氓太保为主角的漫画。可是BOY之名才是王道。因为BOY，是贯穿这33卷漫画的精神所在。日日野晴史——他是个玩世不恭的中学生，刚刚到学校的他把学校几乎翻了个地朝天，究竟他是什么人物，他竟然口口声声是征服世界的男人。他是上帝的儿子，由于在天堂吃喝玩乐过分了点，被父亲上帝罚下人间受苦的神秘男人。九十年初创作了校园漫画《圣子到》共25卷，加上前篇一共26卷，刻画了日日野晴失这个无敌高中生，日日野晴失这个暴力少年仇视邪恶，已自己的实力打败了一伙又一伙校园败类和社会败类，帮助了自己的很多朋友。同时还有吉他少年一条诚和把去巴黎学话当成自己梦想的岗本清志郎，以及一些个性张扬的高中生，他们在一起创造了一个又一个奇迹。漫画暴力性比较强，比较血腥。,性别:男
一个人泡澡, 7.3 ,"https://book.douban.com/subject/2071404
",在寒风刺骨的日子里、汗流浃背的大热天里、奔波劳累一天而累得不行的日子里，让人不禁会想：“啊～～好想赶快回家泡个舒服的澡喔～。”我也最喜欢泡澡了。泡澡不但能洁净身体，还能够恢复体力、养颜美容，让人充满幸福感，是很享受的一件事呢。不过，你们知道“只用热水泡澡对身体刺激大”这句话吗？由于一般的热水里含有杂质很少，导热较快，反而会让身体更疲劳，甚至有时还会让血压上升呢。泡澡时加入泡澡粉则能预防这些情形。不但能舒缓温润身体，还可以减少对皮肤的直接刺激。虽说，只要去专卖店就能买到各式各样的泡澡粉，其实家里面的一些东西或随处可见的花草，都能拿来放进浴缸当做是泡澡的好材料。再说对于市面上的贩卖的泡澡粉，多少会担心色素或香料过量，如果是自己动手的话，不但可以安心使用，也更简单经济呢！这次，除了体验各种对身体好，又环保又省钱的泡澡粉之外，还尝试了不同的泡澡方式，希望能当做各位泡澡生活的参考哦！,高木直子，1974年出生于日本三重县，以成为插画家为目标。乐享《150cm Life》的高木直子1998年《一个人上东京》，且《一个人住第5年》后，终于有了大公寓，有了大大的浴缸，终于可以自得其乐地享受《一个人泡澡》的乐趣，正开心着呢！目前除了插画小品之外，也用亚克力颜料创作插画、漫画等等。
万历十五年（增订本）, 9.1 ,"https://book.douban.com/subject/1981042
",《万历十五年》是一部改变中国人阅读方式的经典，是美籍华裔历史学家黄仁宇的成名之作，也是他的代表作之一。这部作品融会作者数十年人生经验与治学体会于一体，首次以“大历史观”分析明代社会之症结，观察现代中国之来路，发人深思。,黄仁宇（1918-2000），湖南长沙人，美籍历史学家。早年辗转于求学、从军之途，曾梦想成为中国的拿破仑，然而时代却不允许他有这样的机缘。其后赴美研习历史，于一番逼仄煎熬之中提出大历史观，主张要“从技术人上的角度看历史”，而不能简单地以道德评价笼罩一切。
GTO Vol. 1, 9.0 ,"https://book.douban.com/subject/1456831
","MeetEikichiOnizuka,a22-year-oldvirginandex-biker.He’scrude,foul-mouthed,andhasasplitsecondtemper.Hisgoal:tobetheGreatestHighSchoolTeacherintheWorld!OfcoursetheonlyreasonhewantstobeateacherissohecantryandscorewiththehotstudentsBeforehecanbecomeateacher,he’sgottoworkasastudentteachertoearnhiscredentials.Onizukamaythinkhe’sthetoughestguyoncampus,butwhenhemeetshisclassfullofbullies,blackmailers,andschemingsadists,he’llhavetoproveit.",ewr
金锁记, 8.6 ,"https://book.douban.com/subject/3017857
","《金锁记》写于1943年，小说描写了一个小商人家庭出身的女子曹七巧的心灵变迁历程。七巧做过残疾人的妻子，欲爱而不能爱，几乎像疯子一样在姜家过了30年。在财欲与情欲的压迫下，她的性格终于被扭曲，行为变得乖戾，不但破坏儿子的婚姻，致使儿媳被折磨而死，还拆散女儿的爱情。""30年来她戴着黄金的枷。她用那沉重的枷角劈杀了几个人，没死的也送了半条命。""",张爱玲（1920年9月30日-1995年9月8日）
素年锦时, 8.1 ,"https://book.douban.com/subject/2317973
",《素年锦时》是安妮宝贝小说散文新作集。,安妮宝贝，自由作家，现居北京。曾任职金融广告网络等行业。已出版短篇小说集《告别薇安》，散文及短篇小说集《八月未央》，长篇小说《彼岸花》，摄影图文集《蔷薇岛屿》。
鲤·嫉妒, 7.6 ,"https://book.douban.com/subject/3246230
",《鲤·嫉妒》是继《鲤·孤独》之后，《鲤》系列主题书的第二本。,张悦然，山东济南人。毕业于新加坡国立大学计算机系。从14岁开始发表文学作品，先后在《收获》、《人民文学》、《芙蓉》、《花城》、《小说界》、《上海文学》等重要文学期刊发表作品。2001年获第三届“新概念作文大赛”一等奖，2003年在新加坡获得第五屆“新加坡大专文学奖”第二名，同年获得《上海文学》“文学新人大奖赛”二等奖。2004年获第三届“华语传媒大奖”最具潜力新人奖。2005年获得春天文学奖。长篇小说《誓鸟》被评选为“2006年中国小说排行榜”最佳长篇小说。
第二性, 8.7 ,"https://book.douban.com/subject/1004322
",西蒙娜・德・波伏娃（1908―1986）―享誉世界的法国著名作家，当代最负盛名的女权主义者。存在主义的鼻祖让-保尔・萨特的终身伴侣，她的存在主义的女权理论，对西方的思想和习俗产生了巨大的影响。,西蒙娜・德・波伏娃（1908-1986）――享誉世界的法国著名作家，当代最负盛名的女权主义者。存在主义的鼻祖让-保尔・萨特的终身伴侣，她的存在主义的女权理论，对西方的思想和习俗产生了巨大的影响。
宇宙尽头的餐馆, 8.7 ,"https://book.douban.com/subject/1408254
",《宇宙尽头的餐馆》是银河系漫游指南系列之一。,道格拉斯·亚当斯（1952—2001），英国作家，毕业于剑桥大学。主要作品就是银河系漫游五部曲。包括《银河系漫游指南》、《宇宙尽头餐馆》、《生命、宇宙及一切》、《再见，谢谢鱼》和《基本无害》。这个系列被西方科幻读者奉为“科幻圣经”之一。由于银河系漫游系列小说的突出成就，国际小行星管理委员会甚至还将一颗小行星命名为阿瑟·邓特——该系列的主人公。
为什么读经典, 8.4 ,"https://book.douban.com/subject/1868698
",《为什么读经典》的第一版由埃斯特尔·卡尔维诺编辑，在蒙达多里出版社的“伊塔洛·卡尔维诺的书”丛书中出版。除了给予这本书以书名的那篇文章，这个在作者死后出版的文集包括了三十五篇绝大多数是上世纪七十和八十年代的文章（只有四篇是上世纪五十年代的，两篇是上世纪六十年代的），谈论了那些在不同程度上并由于各种不同原因而对卡尔维诺有重要意义，或是激起他的钦佩的作家—从荷马到格诺。,伊塔洛·卡尔维诺（1923-1985）是意大利当代最有世界影响的作家。他在四十年的创作实践中，不断探索和创新，力求以最贴切的方法和形式表现当今的社会和现代人的精神，以及他对人生的感悟和信念。他的作品风格多样，每一部都达到极高的水准，表现了时代，更超越了时代。他于1985年猝然逝世，而与当年的诺贝尔文学奖失之交臂，但他在国际文坛上的影响与日俱增，他的创作日益受到人们的关注。
苏丝黄的世界, 7.2 ,"https://book.douban.com/subject/1794202
","这本书的内容曾经放在一个叫""AllAboutS”（关于S的一切）的个人网页里。作者自2003年起先后在《经济观察报》、《ET卫视周刊》和《上海壹周》上开设关于苏丝黄的专栏。有大约两年时间，依然有读者疑惑苏丝黄究竟是男是女。",苏丝黄，30岁，在北京。曾出版过个人时政文化评论集、合作采访集和畅销书。
十八春, 8.7 ,"https://book.douban.com/subject/1119796
",世纪文存·摩登文本。,张爱玲（1921-1996），被称为“天才奇女”。她24岁便以发表小说《沉香屑·第一炉香》而走红当时寂寞的文坛，以后她连续发表多部小说，并出版小说专集和散文集，致使她迅速攀升至其文学生涯的巅峰，一时成为四十年代大上海一颗耀眼的明星。一位充满传奇和神秘色彩的女性，一位独具天才的女作家。
挪威的森林, 8.5 ,"https://book.douban.com/subject/2159042
",这是一部动人心弦的、平缓舒雅的、略带感伤的恋爱小说。小说主人公渡边以第一人称展开他同两个女孩间的爱情纠葛。渡边的第一个恋人直子原是他高中要好同学木月的女友，后来木月自杀了。一年后渡边同直子不期而遇并开始交往。此时的直子已变得娴静腼腆，美丽晶莹的眸子里不时掠过一丝难以捕捉的阴翳。两人只是日复一日地在落叶飘零的东京街头漫无目标地或前或后或并肩行走不止。直子20岁生日的晚上两人发生了性关系，不料第二天直子便不知去向。几个月后直子来信说她住进一家远在深山里的精神疗养院。渡边前去探望时发现直子开始带有成熟女性的丰腴与娇美。晚间两人虽同处一室，但渡边约束了自己，分手前表示永远等待直子。返校不久，由于一次偶然相遇，渡边开始与低年级的绿子交往。绿子同内向的直子截然相反，“简直就像迎着春天的晨光蹦跳到世界上来的一头小鹿”。这期间，渡边内心十分苦闷彷徨。一方面念念不忘直子缠绵的病情与柔情，一方面又难以抗拒绿子大胆的表白和迷人的活力。不久传来直子自杀的噩耗，渡边失魂魄地四处徒步旅行。最后，在直子同房病友玲子的鼓励下，开始摸索此后的人生。,村上春树（1949- ），日本小说家。曾在早稻田大学文学部戏剧科就读。1979年，他的第一部小说《听风之歌》问世后，即被搬上了银幕。随后，他的优秀作品《1973年的弹子球》、《寻羊冒险记》、《挪威的森林》等相继发表。他的创作不受传统拘束，构思新奇，行文潇洒自在，而又不流于庸俗浅薄。尤其是在刻画人的孤独无奈方面更有特色，他没有把这种情绪写成负的东西，而是通过内心的心智性操作使之升华为一种优雅的格调，一种乐在其中的境界，以此来为读者，尤其是生活在城市里的人们提供了一种生活模式或生命的体验。
盗墓笔记4, 8.4 ,"https://book.douban.com/subject/3266344
",从云顶天宫顺利脱出之后，吴邪和苏醒后的三叔进行了一次长谈。吴邪了解到在二十年前海底古墓里发生的三叔没有透露的隐情。关于解连环的神秘死亡以及背后牵涉到战国帛书和老长沙的恩怨，也理出了端倪。就在吴邪认为事情接近真相的时候，两盘来自张起灵的录像带，又让事情重新进入了重重迷雾之中……,南派三叔（1982年2月20日— ），本名徐磊，男，浙江人，现居杭州。超级畅销书作家。他的《盗墓笔记》系列与另一位作家的《鬼吹灯》系列共同开启了中国小说界的“盗墓时代”。
海边的卡夫卡, 8.5 ,"https://book.douban.com/subject/2158189
",小说的主人公是一位自称名叫田村卡夫卡——作者始终未交代其真名——的少年。他在十五岁生日前夜独自离家出走，乘坐夜行长途巴士远赴四国。出走的原因是为了逃避父亲所作的比俄底浦斯王还要可怕的预言：尔将弑父，将与尔母、尔姐交合。卡夫卡四岁时，母亲突然失踪，带走了比卡夫卡年长四岁、其实是田村家养女的姐姐，不知何故却将亲生儿子抛弃。他从未见过母亲的照片，甚至连名字也不知道。仿佛是运命在冥冥之中引导，他偶然来到某私立图书馆，遂栖身于此。馆长佐伯女士是位四十多岁气质高雅的美妇，有着波澜曲折的神秘身世。卡夫卡疑心她是自己的生母，佐伯却对此不置可否。卡夫卡恋上了佐伯，并与之发生肉体关系。小说还另设一条副线，副线的主角是老人中田，他在二战期间读小学时，经历过一次神秘的昏迷事件，从此丧失了记忆，将学过的知识完全忘记，甚至不会认字计数，却获得了与猫对话的神秘能力。中田在神智失控的情况下杀死了一个自称焦尼·沃卡（JohnnyWalker）、打扮得酷似那著名威士忌酒商标上所画的英国绅士的狂人，一路搭车也来到此地。小说共分49章，奇数章基本上用写实手法讲述卡夫卡的故事，偶数章则用魔幻手法展现中田的奇遇。两种手法交互使用，编织出极富强烈虚构色彩的、奇幻诡诘的现代寓言。佐伯是将这两个故事联结为一体的结合点，而弑父的预言似乎最终也未能避免，因为狂人焦尼·沃卡居然是卡夫卡生父乔装改扮的，真正的凶手也并非中田……,村上春树（1949- ），日本小说家。曾在早稻田大学文学部戏剧科就读。1979年，他的第一部小说《听风之歌》问世后，即被搬上了银幕。随后，他的优秀作品《1973年的弹子球》、《寻羊冒险记》、《挪威的森林》等相继发表。他的创作不受传统拘束，构思新奇，行文潇洒自在，而又不流于庸俗浅薄。尤其是在刻画人的孤独无奈方面更有特色，他没有把这种情绪写成负的东西，而是通过内心的心智性操作使之升华为一种优雅的格调，一种乐在其中的境界，以此来为读者，尤其是生活在城市里的人们提供了一种生活模式或生命的体验。
骆驼祥子, 8.1 ,"https://book.douban.com/subject/1028693
",老舍笔下的祥子来自乡间，带着中国农村破败凋敝的大背景，也带着农民的质朴和固执。当他认准了拉车这一行，他就成了“车迷”，一心想买上自己的车。凭着勤劳和坚韧，他用三年的时间省吃俭用，终于实现了这个理想，成为自食其力的上等车夫。但当时中国军阀混战的社会环境，不容他有丝毫的个人幻想，不到半年，他就在兵荒马乱中被逃兵掳走，失去了洋车，只牵回三匹骆驼。祥子没有灰心，他依然倔强地从头开始，更加克己地拉车攒钱。可这次还没有等他再买上车，所有的积蓄又被侦探敲诈洗劫一空，买车的梦想再次成为泡影。当他又一次拉上自己的车，是以与虎妞成就畸形的婚姻为代价的。但好景不长，虎妞死于难产，祥子人车两空。生活捉弄了他，他也开始游戏生活，吃喝嫖赌，出卖他人换钱，祥子彻底堕落为城市的垃圾，变成一具失去灵魂的行尸走肉。老舍通过这个人物写出了不合理的社会制度对下层劳动者生活空间的威压。作品中另一个鲜活的人物是虎妞。她身上十足的生活味道，她的可鄙也可悲的命运给人以深刻的印象。老舍将中国传统的叙事方法融入外国文学的景物铺排和心理描写，使祥子和虎妞成为家喻户晓、耳熟能详的人物形象。,老舍（1899-1966），原名舒庆春，字舍予，北京人。自幼丧父，家境贫寒，身受旧北京下层平民社会生活及思想观念、审美情趣的影响。1924年赴英国任教，并开始文学创作，以幽默风格引人关注。1930年回国后创作了《骆驼祥子》、《离婚》、《牛天赐传》、《月牙儿》等作品，确立了现代文学史上都市平民文学大家的地位。抗战期间主持中华全国文艺界抗敌协会工作，并写下了百万字长篇小说《四世同堂》。1949年后，又有《龙须沟》、《茶馆》等话剧力作问世，获“人民艺术家”的称号。
迟到的间隔年, 7.8 ,"https://book.douban.com/subject/3905366
","20世纪的六七十年代,西方世界诞生了一批批青年人,他们抵抗社会既有的各种制度和观念,用公社式的和流浪的生活方式来表达他们对社会主流的不满.他们倡导和平非暴力,反对战争;他们提倡”爱”,寻求直接表达爱的方式的人际关系,主张性开放;他们追求自由,同时也依赖毒品.他们被当时的西方社会称为”颓废的一代”---嬉皮士.到了八十年代,一部分嬉皮士开始回归他们一度反抗唾弃的社会,重新找到自己的定位,过起正常人的生活.从某些方面来说,这可能也是嬉皮文化向主流文化妥协的结果.",blog.sina.com.cn/hikker
女心理师（下）, 7.4 ,"https://book.douban.com/subject/2081509
",一位衣冠楚楚的匿名男士，“您到底跟我爱人说了什么，她回去就自杀了？”,毕淑敏，女，1952年出生于新疆，中学就读于北京外国语学院附属学校。1969年入伍，在喜马拉雅山、冈底斯山、喀喇昆仑山交汇的西藏阿里高原部队当兵11年。1980年转业回北京。
